mtllib thumb_link1.mtl
usemtl material_0
v -0.010683923 0.000915144163 0.000659567828
v -0.010708008 0.000571732002 0.000663336483
v -0.00997680146 0.000144605117 0.000548923155
v -0.00994180702 0.00152601732 0.000543447561
v -0.0106487293 0.001257558 0.000654061092
v -0.010683923 0.000915144163 0.000659567828
v -0.00106527854 -0.00131350325 -0.000845480768
v -0.00155746541 -0.00086913578 -0.000768467318
v -0.00856479723 -0.000304962916 0.000327984017
v -0.00856479723 -0.000304962916 0.000327984017
v -0.00155746541 -0.00086913578 -0.000768467318
v -0.00181042659 -0.000252630038 -0.000728885934
v -0.00856479723 -0.000304962916 0.000327984017
v -0.00181042659 -0.000252630038 -0.000728885934
v -0.00873915013 -0.000171970052 0.000355265365
v -0.00873915013 -0.000171970052 0.000355265365
v -0.00181042659 -0.000252630038 -0.000728885934
v -0.00183159683 4.25278657e-09 -0.000725573394
v -0.00873915013 -0.000171970052 0.000355265365
v -0.00183159683 4.25278657e-09 -0.000725573394
v -0.0091690626 -9.20402163e-05 0.000422534649
v -0.0091690626 -9.20402163e-05 0.000422534649
v -0.00183159683 4.25278657e-09 -0.000725573394
v -0.00997680146 0.000144605117 0.000548923155
v -0.0091690626 -9.20402163e-05 0.000422534649
v -0.00997680146 0.000144605117 0.000548923155
v -0.00946659502 -4.21213299e-05 0.000469090126
v -0.00414439803 -0.00730134128 -0.000363684754
v -0.00402451633 -0.00740707992 -0.000382442842
v -0.00207424536 -0.00813555252 -0.000687605701
v 0.00111117447 0.000252623635 -0.00118603476
v 0.00107480376 -0.000413920206 -0.0011803438
v 0.00366655784 -0.00104321109 -0.00158588076
v -0.00543128001 0.00645035924 -0.000162323762
v -0.00557509949 0.00638170959 -0.00013982004
v -0.00701761525 0.00486660423 8.58933126e-05
v -0.0082175117 0.00241147401 0.000273643585
v -0.0081978431 0.0022407216 0.000270566001
v -0.00336577208 0.00778858783 -0.000485517929
v -0.00336577208 0.00778858783 -0.000485517929
v -0.0081978431 0.0022407216 0.000270566001
v -0.00820738357 0.00219233753 0.000272058707
v -0.00849142298 -0.000460009498 0.000316502934
v -0.00664748857 -0.00534791825 2.79788783e-05
v -0.00649549859 -0.00542465923 4.19666412e-06
v -0.00336577208 0.00778858783 -0.000485517929
v -0.00183159683 4.25278657e-09 -0.000725573394
v -0.00318301283 0.00775133492 -0.000514114625
v -0.00318301283 0.00775133492 -0.000514114625
v -0.00183159683 4.25278657e-09 -0.000725573394
v -0.00177405588 0.000413913804 -0.000734576955
v 0.00183904625 0.0174802877 -0.00129992631
v -0.000267904077 0.00149772002 -0.000970247551
v 0.00183904625 0.00661464455 -0.00129992631
v 0.00183904625 0.00661464455 -0.00129992631
v -0.000267904077 0.00149772002 -0.000970247551
v 0.000366026448 0.00131351186 -0.00106943992
v 0.00183904625 0.00661464455 -0.00129992631
v 0.000366026448 0.00131351186 -0.00106943992
v 0.000858213287 0.000869144278 -0.00114645343
v -0.00994180702 0.00152601732 0.000543447561
v -0.010683923 0.000915144163 0.000659567828
v -0.00922705326 0.00164914562 0.000431608496
v -0.00802184176 -0.00298836408 0.000243026632
v -0.00849142298 -0.000460009498 0.000316502934
v -0.00848492328 -0.000508900208 0.000315485901
v -0.00437830156 -0.00717182038 -0.000327085378
v -0.00414439803 -0.00730134128 -0.000363684754
v -0.00856479723 -0.000304962916 0.000327984017
v -0.00820738357 0.00219233753 0.000272058707
v -0.00827402249 0.00193104579 0.000282485882
v -0.00336577208 0.00778858783 -0.000485517929
v -0.00336577208 0.00778858783 -0.000485517929
v -0.00827402249 0.00193104579 0.000282485882
v -0.00834586564 0.0017874582 0.000293727382
v -0.00336577208 0.00778858783 -0.000485517929
v -0.00834586564 0.0017874582 0.000293727382
v -0.00183159683 4.25278657e-09 -0.000725573394
v -0.00183159683 4.25278657e-09 -0.000725573394
v -0.00834586564 0.0017874582 0.000293727382
v -0.00849798881 0.00167380704 0.000317530328
v -0.00183159683 4.25278657e-09 -0.000725573394
v -0.00849798881 0.00167380704 0.000317530328
v -0.00997680146 0.000144605117 0.000548923155
v -0.00997680146 0.000144605117 0.000548923155
v -0.00849798881 0.00167380704 0.000317530328
v -0.00879103038 0.00161876215 0.000363383209
v -0.00997680146 0.000144605117 0.000548923155
v -0.00879103038 0.00161876215 0.000363383209
v -0.010683923 0.000915144163 0.000659567828
v -0.010683923 0.000915144163 0.000659567828
v -0.00879103038 0.00161876215 0.000363383209
v -0.00901928078 0.00164077117 0.000399097975
v -0.010683923 0.000915144163 0.000659567828
v -0.00901928078 0.00164077117 0.000399097975
v -0.00922705326 0.00164914562 0.000431608496
v -0.0082175117 0.00241147401 0.000273643585
v -0.00733919581 0.00431856932 0.000136211675
v -0.00833974872 0.00259456458 0.000292770244
v -0.00833974872 0.00259456458 0.000292770244
v -0.00733919581 0.00431856932 0.000136211675
v -0.00751954084 0.00426108064 0.000164430603
v -0.00833974872 0.00259456458 0.000292770244
v -0.00751954084 0.00426108064 0.000164430603
v -0.00781435613 0.00430532219 0.000210561047
v -0.00848492328 -0.000508900208 0.000315485901
v -0.00846412778 -0.000777940673 0.000312232092
v -0.00802184176 -0.00298836408 0.000243026632
v -0.00802184176 -0.00298836408 0.000243026632
v -0.00846412778 -0.000777940673 0.000312232092
v -0.008486012 -0.000937353296 0.000315656362
v -0.00802184176 -0.00298836408 0.000243026632
v -0.008486012 -0.000937353296 0.000315656362
v -0.00822941493 -0.00291987834 0.000275506027
v -0.00822941493 -0.00291987834 0.000275506027
v -0.008486012 -0.000937353296 0.000315656362
v -0.00859344658 -0.00109484361 0.000332466792
v -0.00822941493 -0.00291987834 0.000275506027
v -0.00859344658 -0.00109484361 0.000332466792
v -0.00885294378 -0.00124321447 0.000373070914
v -0.00664748857 -0.00534791825 2.79788783e-05
v -0.00774446363 -0.00356059847 0.000199624774
v -0.0068657794 -0.00535136042 6.21352883e-05
v -0.0068657794 -0.00535136042 6.21352883e-05
v -0.00774446363 -0.00356059847 0.000199624774
v -0.007795549 -0.00374485133 0.000207618214
v -0.0068657794 -0.00535136042 6.21352883e-05
v -0.007795549 -0.00374485133 0.000207618214
v -0.00799339078 -0.00397046981 0.000238574954
v -0.00207424536 -0.00813555252 -0.000687605701
v -0.00402451633 -0.00740707992 -0.000382442842
v -0.00224442454 -0.00827398431 -0.000660977385
v -0.00224442454 -0.00827398431 -0.000660977385
v -0.00402451633 -0.00740707992 -0.000382442842
v -0.00395301916 -0.00758423982 -0.000393630209
v -0.00224442454 -0.00827398431 -0.000660977385
v -0.00395301916 -0.00758423982 -0.000393630209
v -0.00397223141 -0.00788528752 -0.000390624045
v 0.00366655784 -0.00104321109 -0.00158588076
v 0.0036733814 0.000958297926 -0.00158694841
v 0.00111117447 0.000252623635 -0.00118603476
v 0.00111117447 0.000252623635 -0.00118603476
v 0.0036733814 0.000958297926 -0.00158694841
v 0.00336446916 0.00293526473 -0.0015386123
v 0.00111117447 0.000252623635 -0.00118603476
v 0.00336446916 0.00293526473 -0.0015386123
v 0.000858213287 0.000869144278 -0.00114645343
v 0.000858213287 0.000869144278 -0.00114645343
v 0.00336446916 0.00293526473 -0.0015386123
v 0.0027477562 0.00483696582 -0.00144211401
v 0.000858213287 0.000869144278 -0.00114645343
v 0.0027477562 0.00483696582 -0.00144211401
v 0.00183904625 0.00661464455 -0.00129992631
v 0.000756307389 -0.000998477801 -0.00113050803
v 0.000218769361 -0.00138528214 -0.00104639831
v -0.00144923641 -0.00821350049 -0.000785402139
v -0.00414439803 -0.00730134128 -0.000363684754
v -0.00207424536 -0.00813555252 -0.000687605701
v -0.00856479723 -0.000304962916 0.000327984017
v -0.00856479723 -0.000304962916 0.000327984017
v -0.00207424536 -0.00813555252 -0.000687605701
v -0.000431348017 -0.0014977114 -0.000944673142
v -0.00856479723 -0.000304962916 0.000327984017
v -0.000431348017 -0.0014977114 -0.000944673142
v -0.00106527854 -0.00131350325 -0.000845480768
v 0.00107480376 -0.000413920206 -0.0011803438
v 0.000756307389 -0.000998477801 -0.00113050803
v 0.00366655784 -0.00104321109 -0.00158588076
v 0.00366655784 -0.00104321109 -0.00158588076
v 0.000756307389 -0.000998477801 -0.00113050803
v -0.00144923641 -0.00821350049 -0.000785402139
v 0.00366655784 -0.00104321109 -0.00158588076
v -0.00144923641 -0.00821350049 -0.000785402139
v 0.00334418216 -0.00301797269 -0.001535438
v 0.00334418216 -0.00301797269 -0.001535438
v -0.00144923641 -0.00821350049 -0.000785402139
v 0.0027145138 -0.00491532264 -0.00143691245
v 0.00056944805 -0.00833361875 -0.00110126974
v 0.000605369802 -0.00828642678 -0.0011068905
v -0.00132478378 -0.00835756492 -0.000804875453
v -0.00132478378 -0.00835756492 -0.000804875453
v 0.000605369802 -0.00828642678 -0.0011068905
v 0.00179370982 -0.00668660877 -0.00129283243
v -0.00132478378 -0.00835756492 -0.000804875453
v 0.00179370982 -0.00668660877 -0.00129283243
v -0.00144923641 -0.00821350049 -0.000785402139
v -0.00144923641 -0.00821350049 -0.000785402139
v 0.00179370982 -0.00668660877 -0.00129283243
v 0.00183904625 -0.00661359308 -0.00129992631
v -0.00144923641 -0.00821350049 -0.000785402139
v 0.00183904625 -0.00661359308 -0.00129992631
v 0.0027145138 -0.00491532264 -0.00143691245
v -0.00433388539 0.00896260608 -0.000334035314
v -0.00494256755 0.00941479672 -0.000238793582
v -0.00524503877 0.00925733615 -0.000191465268
v -0.00701761525 0.00486660423 8.58933126e-05
v -0.00557509949 0.00638170959 -0.00013982004
v -0.0070745009 0.00507994415 9.47943699e-05
v -0.0070745009 0.00507994415 9.47943699e-05
v -0.00557509949 0.00638170959 -0.00013982004
v -0.0057641156 0.00638659718 -0.000110244298
v -0.0070745009 0.00507994415 9.47943699e-05
v -0.0057641156 0.00638659718 -0.000110244298
v -0.00602876581 0.00652534189 -6.88338987e-05
v -0.00701761525 0.00486660423 8.58933126e-05
v -0.00705379434 0.00469862344 9.15543787e-05
v -0.00336577208 0.00778858783 -0.000485517929
v -0.00336577208 0.00778858783 -0.000485517929
v -0.00705379434 0.00469862344 9.15543787e-05
v -0.00707833609 0.00465600612 9.53944545e-05
v -0.00336577208 0.00778858783 -0.000485517929
v -0.00707833609 0.00465600612 9.53944545e-05
v -0.0082175117 0.00241147401 0.000273643585
v -0.0082175117 0.00241147401 0.000273643585
v -0.00707833609 0.00465600612 9.53944545e-05
v -0.00722518843 0.00443077506 0.000118372714
v -0.0082175117 0.00241147401 0.000273643585
v -0.00722518843 0.00443077506 0.000118372714
v -0.00733919581 0.00431856932 0.000136211675
v -0.00802184176 -0.00298836408 0.000243026632
v -0.00790270325 -0.00311088143 0.000224384858
v -0.00849142298 -0.000460009498 0.000316502934
v -0.00849142298 -0.000460009498 0.000316502934
v -0.00790270325 -0.00311088143 0.000224384858
v -0.0078808777 -0.00315498887 0.0002209698
v -0.00849142298 -0.000460009498 0.000316502934
v -0.0078808777 -0.00315498887 0.0002209698
v -0.00664748857 -0.00534791825 2.79788783e-05
v -0.00664748857 -0.00534791825 2.79788783e-05
v -0.0078808777 -0.00315498887 0.0002209698
v -0.00777490158 -0.00340263126 0.000204387441
v -0.00664748857 -0.00534791825 2.79788783e-05
v -0.00777490158 -0.00340263126 0.000204387441
v -0.00774446363 -0.00356059847 0.000199624774
v -0.00849142298 -0.000460009498 0.000316502934
v -0.0045906594 -0.00712795136 -0.000293857331
v -0.00856479723 -0.000304962916 0.000327984017
v -0.00856479723 -0.000304962916 0.000327984017
v -0.0045906594 -0.00712795136 -0.000293857331
v -0.00442229118 -0.00715057133 -0.000320202293
v -0.00856479723 -0.000304962916 0.000327984017
v -0.00442229118 -0.00715057133 -0.000320202293
v -0.00437830156 -0.00717182038 -0.000327085378
v -0.00649549859 -0.00542465923 4.19666412e-06
v -0.00646070298 -0.00545920013 -1.24785981e-06
v -0.00849142298 -0.000460009498 0.000316502934
v -0.00849142298 -0.000460009498 0.000316502934
v -0.00646070298 -0.00545920013 -1.24785981e-06
v -0.00628102804 -0.00565857766 -2.93619669e-05
v -0.00849142298 -0.000460009498 0.000316502934
v -0.00628102804 -0.00565857766 -2.93619669e-05
v -0.0045906594 -0.00712795136 -0.000293857331
v -0.0045906594 -0.00712795136 -0.000293857331
v -0.00628102804 -0.00565857766 -2.93619669e-05
v -0.00620156573 -0.00579799293 -4.17955671e-05
v -0.0045906594 -0.00712795136 -0.000293857331
v -0.00620156573 -0.00579799293 -4.17955671e-05
v -0.00479602441 -0.00720294891 -0.000261723471
v -0.00479602441 -0.00720294891 -0.000261723471
v -0.00620156573 -0.00579799293 -4.17955671e-05
v -0.0061907745 -0.00598905561 -4.34840949e-05
v -0.00479602441 -0.00720294891 -0.000261723471
v -0.0061907745 -0.00598905561 -4.34840949e-05
v -0.00630551809 -0.00626746891 -2.55299528e-05
v 0.00056944805 -0.00833361875 -0.00110126974
v -0.00132478378 -0.00835756492 -0.000804875453
v 0.000479687849 -0.00857249927 -0.00108722481
v 0.000479687849 -0.00857249927 -0.00108722481
v -0.00132478378 -0.00835756492 -0.000804875453
v -0.00124638155 -0.0086486144 -0.000817143242
v 0.000479687849 -0.00857249927 -0.00108722481
v -0.00124638155 -0.0086486144 -0.000817143242
v -0.00124920078 -0.00888067018 -0.000816702086
v -0.00177405588 0.000413913804 -0.000734576955
v -0.00145555951 0.000998486415 -0.000784412725
v -0.00318301283 0.00775133492 -0.000514114625
v -0.00318301283 0.00775133492 -0.000514114625
v -0.00145555951 0.000998486415 -0.000784412725
v -0.000918021484 0.00138529076 -0.000868522387
v -0.00318301283 0.00775133492 -0.000514114625
v -0.000918021484 0.00138529076 -0.000868522387
v -0.0028709427 0.00784871448 -0.000562944857
v -0.0028709427 0.00784871448 -0.000562944857
v -0.000918021484 0.00138529076 -0.000868522387
v -0.000267904077 0.00149772002 -0.000970247551
v -0.0028709427 0.00784871448 -0.000562944857
v -0.000267904077 0.00149772002 -0.000970247551
v -0.00269935001 0.00795446802 -0.000589794305
v -0.00269935001 0.00795446802 -0.000589794305
v -0.000267904077 0.00149772002 -0.000970247551
v -0.00258354656 0.00812063087 -0.00060791435
v -0.00433388539 0.00896260608 -0.000334035314
v -0.00524503877 0.00925733615 -0.000191465268
v -0.00384110212 0.00842431653 -0.000411142071
v -0.00543128001 0.00645035924 -0.000162323762
v -0.00701761525 0.00486660423 8.58933126e-05
v -0.00522012915 0.00661513628 -0.000195362925
v -0.00522012915 0.00661513628 -0.000195362925
v -0.00701761525 0.00486660423 8.58933126e-05
v -0.00336577208 0.00778858783 -0.000485517929
v -0.00522012915 0.00661513628 -0.000195362925
v -0.00336577208 0.00778858783 -0.000485517929
v -0.00518323574 0.0066473675 -0.000201135714
v -0.00893253833 0.00459580543 0.000385525258
v -0.00968727842 0.00457422854 0.00050362089
v -0.00983041339 0.00426193001 0.000526017451
v -0.00991161261 -0.00170914398 0.000538722903
v -0.0104941186 -0.00219538389 0.000629868882
v -0.0104175573 -0.00253082393 0.000617889047
v -0.00884522963 -0.00475908397 0.000371863862
v -0.00924018491 -0.00541041372 0.000433663285
v -0.00906017143 -0.00570252119 0.00040549619
v -0.00685821986 -0.00729330955 6.09523995e-05
v -0.00702283392 -0.00803915691 8.6709937e-05
v -0.00675886078 -0.00825626682 4.54055007e-05
v -0.00416589947 -0.00903719198 -0.00036032038
v -0.00408233004 -0.00979671907 -0.000373396673
v -0.00376301655 -0.00991531741 -0.000423360296
v -0.000397273892 -0.01049989 -0.000950004789
v -5.71656092e-05 -0.0104958219 -0.00100322219
v 0.000303001434 -0.00972297322 -0.00105957827
v 0.00183904625 0.0174802877 -0.00129992631
v -0.00254269294 0.0174802877 -0.000614306773
v -0.000267904077 0.00149772002 -0.000970247551
v -0.000267904077 0.00149772002 -0.000970247551
v -0.00254269294 0.0174802877 -0.000614306773
v -0.00254269294 0.00831974018 -0.000614306773
v -0.000267904077 0.00149772002 -0.000970247551
v -0.00254269294 0.00831974018 -0.000614306773
v -0.00258354656 0.00812063087 -0.00060791435
v -0.00384110212 0.00842431653 -0.000411142071
v -0.00524503877 0.00925733615 -0.000191465268
v -0.00373439677 0.00824366976 -0.000427838444
v -0.00373439677 0.00824366976 -0.000427838444
v -0.00524503877 0.00925733615 -0.000191465268
v -0.00554223964 0.0090899216 -0.000144961639
v -0.00373439677 0.00824366976 -0.000427838444
v -0.00554223964 0.0090899216 -0.000144961639
v -0.0054955855 0.00823671091 -0.000152261695
v -0.0054955855 0.00823671091 -0.000152261695
v -0.00537097128 0.0077022505 -0.000171760388
v -0.00373439677 0.00824366976 -0.000427838444
v -0.00373439677 0.00824366976 -0.000427838444
v -0.00537097128 0.0077022505 -0.000171760388
v -0.00524952915 0.00742282392 -0.000190762672
v -0.00373439677 0.00824366976 -0.000427838444
v -0.00524952915 0.00742282392 -0.000190762672
v -0.00356757431 0.00795464683 -0.000453941524
v -0.00356757431 0.00795464683 -0.000453941524
v -0.00524952915 0.00742282392 -0.000190762672
v -0.00508049829 0.00701483013 -0.000217211287
v -0.00356757431 0.00795464683 -0.000453941524
v -0.00508049829 0.00701483013 -0.000217211287
v -0.00336577208 0.00778858783 -0.000485517929
v -0.00336577208 0.00778858783 -0.000485517929
v -0.00508049829 0.00701483013 -0.000217211287
v -0.00509513915 0.00679435255 -0.000214920365
v -0.00336577208 0.00778858783 -0.000485517929
v -0.00509513915 0.00679435255 -0.000214920365
v -0.00518323574 0.0066473675 -0.000201135714
v -0.00699317642 0.00716756703 8.20693676e-05
v -0.00771394512 0.00739519717 0.000194849446
v -0.007949505 0.00714686932 0.000231707963
v -0.00207424536 -0.00813555252 -0.000687605701
v -0.00190774654 -0.00810162257 -0.000713658112
v -0.000431348017 -0.0014977114 -0.000944673142
v -0.000431348017 -0.0014977114 -0.000944673142
v -0.00190774654 -0.00810162257 -0.000713658112
v -0.0018593258 -0.00810725521 -0.000721234595
v -0.000431348017 -0.0014977114 -0.000944673142
v -0.0018593258 -0.00810725521 -0.000721234595
v 0.000218769361 -0.00138528214 -0.00104639831
v 0.000218769361 -0.00138528214 -0.00104639831
v -0.0018593258 -0.00810725521 -0.000721234595
v -0.00159654499 -0.00815288257 -0.000762352429
v 0.000218769361 -0.00138528214 -0.00104639831
v -0.00159654499 -0.00815288257 -0.000762352429
v -0.00144923641 -0.00821350049 -0.000785402139
v -0.000737330643 -0.0104926629 -0.00089679542
v -0.000397273892 -0.01049989 -0.000950004789
v -0.00106002274 -0.00980175566 -0.000846303126
v -0.00106002274 -0.00980175566 -0.000846303126
v -0.000397273892 -0.01049989 -0.000950004789
v 0.000479687849 -0.00857249927 -0.00108722481
v -0.00106002274 -0.00980175566 -0.000846303126
v 0.000479687849 -0.00857249927 -0.00108722481
v -0.00124029396 -0.00909094047 -0.000818095752
v -0.00124029396 -0.00909094047 -0.000818095752
v 0.000479687849 -0.00857249927 -0.00108722481
v -0.00124920078 -0.00888067018 -0.000816702086
v 0.000303001434 -0.00972297322 -0.00105957827
v 0.000444723031 -0.00919290911 -0.00108175375
v -0.000397273892 -0.01049989 -0.000950004789
v -0.000397273892 -0.01049989 -0.000950004789
v 0.000444723031 -0.00919290911 -0.00108175375
v 0.000469308812 -0.0088886572 -0.0010856007
v -0.000397273892 -0.01049989 -0.000950004789
v 0.000469308812 -0.0088886572 -0.0010856007
v 0.000479687849 -0.00857249927 -0.00108722481
v -0.00893253833 0.00459580543 0.000385525258
v -0.00983041339 0.00426193001 0.000526017451
v -0.00821701158 0.00447735609 0.000273565267
v -0.00996335316 0.00394504191 0.000546818832
v -0.00940878876 0.00330074551 0.000460045092
v -0.00781435613 0.00430532219 0.000210561047
v -0.00940878876 0.00330074551 0.000460045092
v -0.00898612663 0.00295645418 0.000393910304
v -0.00781435613 0.00430532219 0.000210561047
v -0.00781435613 0.00430532219 0.000210561047
v -0.00898612663 0.00295645418 0.000393910304
v -0.00872072577 0.00281145098 0.000352382427
v -0.00781435613 0.00430532219 0.000210561047
v -0.00872072577 0.00281145098 0.000352382427
v -0.00833974872 0.00259456458 0.000292770244
v -0.00991161261 -0.00170914398 0.000538722903
v -0.0104175573 -0.00253082393 0.000617889047
v -0.00927509088 -0.0013577746 0.000439125084
v -0.0103301741 -0.00286353705 0.000604216126
v -0.00950156711 -0.00302721141 0.000474562286
v -0.00885294378 -0.00124321447 0.000373070914
v -0.00950156711 -0.00302721141 0.000474562286
v -0.00895910431 -0.0030361372 0.000389682071
v -0.00885294378 -0.00124321447 0.000373070914
v -0.00885294378 -0.00124321447 0.000373070914
v -0.00895910431 -0.0030361372 0.000389682071
v -0.00866166782 -0.00298557756 0.000343141583
v -0.00885294378 -0.00124321447 0.000373070914
v -0.00866166782 -0.00298557756 0.000343141583
v -0.00822941493 -0.00291987834 0.000275506027
v -0.00884522963 -0.00475908397 0.000371863862
v -0.00906017143 -0.00570252119 0.00040549619
v -0.00835591368 -0.00421756087 0.000295299571
v -0.00887079444 -0.00598848937 0.000375864038
v -0.00803456828 -0.00587096391 0.000245018076
v -0.00799339078 -0.00397046981 0.000238574954
v -0.00803456828 -0.00587096391 0.000245018076
v -0.00751863513 -0.00570113538 0.000164288926
v -0.00799339078 -0.00397046981 0.000238574954
v -0.00799339078 -0.00397046981 0.000238574954
v -0.00751863513 -0.00570113538 0.000164288926
v -0.00725354301 -0.00555556593 0.000122809419
v -0.00799339078 -0.00397046981 0.000238574954
v -0.00725354301 -0.00555556593 0.000122809419
v -0.0068657794 -0.00535136042 6.21352883e-05
v -0.00685821986 -0.00729330955 6.09523995e-05
v -0.00675886078 -0.00825626682 4.54055007e-05
v -0.00656913081 -0.00662031351 1.57180457e-05
v -0.00648800517 -0.00846449565 3.02413923e-06
v -0.00573479664 -0.00807852577 -0.000114831892
v -0.00630551809 -0.00626746891 -2.55299528e-05
v -0.00573479664 -0.00807852577 -0.000114831892
v -0.00530129904 -0.00774833141 -0.000182662116
v -0.00630551809 -0.00626746891 -2.55299528e-05
v -0.00630551809 -0.00626746891 -2.55299528e-05
v -0.00530129904 -0.00774833141 -0.000182662116
v -0.00509726629 -0.00752351759 -0.000214587504
v -0.00630551809 -0.00626746891 -2.55299528e-05
v -0.00509726629 -0.00752351759 -0.000214587504
v -0.00479602441 -0.00720294891 -0.000261723471
v -0.00416589947 -0.00903719198 -0.00036032038
v -0.00376301655 -0.00991531741 -0.000423360296
v -0.00410837308 -0.00830564927 -0.000369321642
v -0.00344003737 -0.0100232465 -0.000473897497
v -0.00285145058 -0.00941064488 -0.000565994822
v -0.00397223141 -0.00788528752 -0.000390624045
v -0.00285145058 -0.00941064488 -0.000565994822
v -0.00254736724 -0.00895587634 -0.000613575394
v -0.00397223141 -0.00788528752 -0.000390624045
v -0.00397223141 -0.00788528752 -0.000390624045
v -0.00254736724 -0.00895587634 -0.000613575394
v -0.00242651394 -0.00867618155 -0.000632485491
v -0.00397223141 -0.00788528752 -0.000390624045
v -0.00242651394 -0.00867618155 -0.000632485491
v -0.00224442454 -0.00827398431 -0.000660977385
v -0.00699317642 0.00716756703 8.20693676e-05
v -0.007949505 0.00714686932 0.000231707963
v -0.00635440974 0.00682038488 -1.78797454e-05
v -0.00817690138 0.00689083757 0.000267289142
v -0.00785906706 0.00609919848 0.000217557041
v -0.00602876581 0.00652534189 -6.88338987e-05
v -0.00785906706 0.00609919848 0.000217557041
v -0.00756975729 0.00563465478 0.000172288128
v -0.00602876581 0.00652534189 -6.88338987e-05
v -0.00602876581 0.00652534189 -6.88338987e-05
v -0.00756975729 0.00563465478 0.000172288128
v -0.00736525375 0.00541028799 0.000140289034
v -0.00602876581 0.00652534189 -6.88338987e-05
v -0.00736525375 0.00541028799 0.000140289034
v -0.0070745009 0.00507994415 9.47943699e-05
v -0.00996335316 0.00394504191 0.000546818832
v -0.00781435613 0.00430532219 0.000210561047
v -0.00983041339 0.00426193001 0.000526017451
v -0.00983041339 0.00426193001 0.000526017451
v -0.00781435613 0.00430532219 0.000210561047
v -0.008023181 0.00440115156 0.000243236253
v -0.00983041339 0.00426193001 0.000526017451
v -0.008023181 0.00440115156 0.000243236253
v -0.00821701158 0.00447735609 0.000273565267
v -0.0103301741 -0.00286353705 0.000604216126
v -0.00885294378 -0.00124321447 0.000373070914
v -0.0104175573 -0.00253082393 0.000617889047
v -0.0104175573 -0.00253082393 0.000617889047
v -0.00885294378 -0.00124321447 0.000373070914
v -0.0090758875 -0.0012974249 0.00040795526
v -0.0104175573 -0.00253082393 0.000617889047
v -0.0090758875 -0.0012974249 0.00040795526
v -0.00927509088 -0.0013577746 0.000439125084
v -0.00887079444 -0.00598848937 0.000375864038
v -0.00799339078 -0.00397046981 0.000238574954
v -0.00906017143 -0.00570252119 0.00040549619
v -0.00906017143 -0.00570252119 0.00040549619
v -0.00799339078 -0.00397046981 0.000238574954
v -0.00818686839 -0.00409501372 0.000268848671
v -0.00906017143 -0.00570252119 0.00040549619
v -0.00818686839 -0.00409501372 0.000268848671
v -0.00835591368 -0.00421756087 0.000295299571
v -0.00648800517 -0.00846449565 3.02413923e-06
v -0.00630551809 -0.00626746891 -2.55299528e-05
v -0.00675886078 -0.00825626682 4.54055007e-05
v -0.00675886078 -0.00825626682 4.54055007e-05
v -0.00630551809 -0.00626746891 -2.55299528e-05
v -0.00644855713 -0.00644884584 -3.14831777e-06
v -0.00675886078 -0.00825626682 4.54055007e-05
v -0.00644855713 -0.00644884584 -3.14831777e-06
v -0.00656913081 -0.00662031351 1.57180457e-05
v -0.00344003737 -0.0100232465 -0.000473897497
v -0.00397223141 -0.00788528752 -0.000390624045
v -0.00376301655 -0.00991531741 -0.000423360296
v -0.00376301655 -0.00991531741 -0.000423360296
v -0.00397223141 -0.00788528752 -0.000390624045
v -0.00404933793 -0.00810384285 -0.000378558994
v -0.00376301655 -0.00991531741 -0.000423360296
v -0.00404933793 -0.00810384285 -0.000378558994
v -0.00410837308 -0.00830564927 -0.000369321642
v -0.00817690138 0.00689083757 0.000267289142
v -0.00602876581 0.00652534189 -6.88338987e-05
v -0.007949505 0.00714686932 0.000231707963
v -0.007949505 0.00714686932 0.000231707963
v -0.00602876581 0.00652534189 -6.88338987e-05
v -0.00619553728 0.0066846055 -4.27388877e-05
v -0.007949505 0.00714686932 0.000231707963
v -0.00619553728 0.0066846055 -4.27388877e-05
v -0.00635440974 0.00682038488 -1.78797454e-05
v 0.000666371081 0.00774999382 -0.00415293733
v 0.000820961257 0.00774999382 -0.00316496403
v 0.000519607158 0.0084008323 -0.00412997277
v 0.000519607158 0.0084008323 -0.00412997277
v 0.000820961257 0.00774999382 -0.00316496403
v 0.000674197334 0.0084008323 -0.00314199971
v 0.000519607158 0.0084008323 -0.00412997277
v 0.000674197334 0.0084008323 -0.00314199971
v 0.000108391505 0.00892274547 -0.00406562909
v 0.000108391505 0.00892274547 -0.00406562909
v 0.000674197334 0.0084008323 -0.00314199971
v 0.000262981659 0.00892274547 -0.0030776558
v 0.000108391505 0.00892274547 -0.00406562909
v 0.000262981659 0.00892274547 -0.0030776558
v -0.000485833705 0.00921239424 -0.00397264957
v -0.000485833705 0.00921239424 -0.00397264957
v 0.000262981659 0.00892274547 -0.0030776558
v -0.000331243558 0.00921239424 -0.00298467628
v -0.000485833705 0.00921239424 -0.00397264957
v -0.000331243558 0.00921239424 -0.00298467628
v -0.00114536576 0.00921239424 -0.00386945112
v -0.00114536576 0.00921239424 -0.00386945112
v -0.000331243558 0.00921239424 -0.00298467628
v -0.000990775647 0.00921239424 -0.00288147782
v -0.00114536576 0.00921239424 -0.00386945112
v -0.000990775647 0.00921239424 -0.00288147782
v -0.00173959101 0.00892274547 -0.0037764716
v -0.00173959101 0.00892274547 -0.0037764716
v -0.000990775647 0.00921239424 -0.00288147782
v -0.00158500089 0.00892274547 -0.0027884983
v -0.00173959101 0.00892274547 -0.0037764716
v -0.00158500089 0.00892274547 -0.0027884983
v -0.0021508066 0.0084008323 -0.00371212768
v -0.0021508066 0.0084008323 -0.00371212768
v -0.00158500089 0.00892274547 -0.0027884983
v -0.0019962166 0.0084008323 -0.00272415462
v -0.0021508066 0.0084008323 -0.00371212768
v -0.0019962166 0.0084008323 -0.00272415462
v -0.00229756325 0.00774999382 -0.00368916453
v -0.00229756325 0.00774999382 -0.00368916453
v -0.0019962166 0.0084008323 -0.00272415462
v -0.00214297301 0.00774999382 -0.00270119123
v -0.00176444964 0.0296480097 0.00435938314
v -0.00136497337 0.0325334705 0.00691240327
v 0.0026091428 0.0295842476 0.00362169906
v 0.0026091428 0.0295842476 0.00362169906
v -0.00136497337 0.0325334705 0.00691240327
v 0.0030167657 0.0325334705 0.00622678408
v -0.00176444964 0.0296480097 0.00435938314
v 0.0026091428 0.0295842476 0.00362169906
v -0.00212806952 0.0265705325 0.00203551841
v -0.00212806952 0.0265705325 0.00203551841
v 0.0026091428 0.0295842476 0.00362169906
v 0.00223897514 0.0264351256 0.00125598698
v -0.00212806952 0.0265705325 0.00203551841
v 0.00223897514 0.0264351256 0.00125598698
v -0.00214276393 0.0264351256 0.00194160652
v -0.00214276393 0.0264351256 0.00194160652
v 0.00223897514 0.0264351256 0.00125598698
v -0.00245363405 0.0233196504 -4.51384585e-05
v -0.00245363405 0.0233196504 -4.51384585e-05
v 0.00223897514 0.0264351256 0.00125598698
v 0.00190859614 0.0231059678 -0.000855438877
v -0.00245363405 0.0233196504 -4.51384585e-05
v 0.00190859614 0.0231059678 -0.000855438877
v -0.00247314316 0.0231059678 -0.000169819308
v -0.00247314316 0.0231059678 -0.000169819308
v 0.00190859614 0.0231059678 -0.000855438877
v -0.00273917615 0.0199149884 -0.00187001482
v -0.00273917615 0.0199149884 -0.00187001482
v 0.00190859614 0.0231059678 -0.000855438877
v 0.0016200894 0.019617755 -0.00269926246
v -0.00273917615 0.0199149884 -0.00187001482
v 0.0016200894 0.019617755 -0.00269926246
v -0.0027616499 0.019617755 -0.00201364281
v -0.0027616499 0.019617755 -0.00201364281
v 0.0016200894 0.019617755 -0.00269926246
v -0.00298297033 0.0163771398 -0.00342808384
v -0.00298297033 0.0163771398 -0.00342808384
v 0.0016200894 0.019617755 -0.00269926246
v 0.00137527357 0.0159924664 -0.00426386064
v -0.00298297033 0.0163771398 -0.00342808384
v 0.00137527357 0.0159924664 -0.00426386064
v -0.00300646573 0.0159924664 -0.00357824098
v 9.72434791e-05 0.0235997923 0.016257314
v 0.000190294508 0.0229740627 0.0168519951
v -0.000766485813 0.0321884491 0.0107372897
v 9.72434791e-05 0.0235997923 0.016257314
v -0.000766485813 0.0321884491 0.0107372897
v -2.32789516e-05 0.0239819176 0.0154870646
v -0.000398458127 0.0233818479 0.0130893243
v -0.00176444964 0.0296480097 0.00435938314
v -0.000477563241 0.0226804204 0.0125837699
v -0.000477563241 0.0226804204 0.0125837699
v -0.00176444964 0.0296480097 0.00435938314
v -0.00212806952 0.0265705325 0.00203551841
v -0.000477563241 0.0226804204 0.0125837699
v -0.00212806952 0.0265705325 0.00203551841
v -0.000514811079 0.0218462832 0.0123457219
v -0.000514811079 0.0218462832 0.0123457219
v -0.00212806952 0.0265705325 0.00203551841
v -0.00214276393 0.0264351256 0.00194160652
v -0.000514811079 0.0218462832 0.0123457219
v -0.00214276393 0.0264351256 0.00194160652
v -0.00245363405 0.0233196504 -4.51384585e-05
v -0.002833304 0.00831974018 -0.00247157901
v -0.00254269294 0.00831974018 -0.000614306773
v -0.00254269294 0.0174802877 -0.000614306773
v -4.14346578e-05 0.0173430778 0.015371033
v 0.000131281253 0.0178838708 0.0164748468
v 3.35919613e-05 0.0177576728 0.0158505216
v -0.00298297033 0.0163771398 -0.00342808384
v -0.00300646573 0.0159924664 -0.00357824098
v -0.00300646573 0.00831974018 -0.00357824098
v -0.00247314316 0.0231059678 -0.000169819308
v -0.00224893866 0.0200956799 0.00126305351
v -0.00211756746 0.0202302821 0.00210263603
v -2.32789516e-05 0.0239819176 0.0154870646
v -0.000766485813 0.0321884491 0.0107372897
v -0.000156738315 0.0240743645 0.0146341361
v -0.000156738315 0.0240743645 0.0146341361
v -0.000766485813 0.0321884491 0.0107372897
v -0.000714002061 0.0314415582 0.0110727083
v -0.000156738315 0.0240743645 0.0146341361
v -0.000714002061 0.0314415582 0.0110727083
v -0.000287037168 0.0238659568 0.0138014071
v -0.000287037168 0.0238659568 0.0138014071
v -0.000714002061 0.0314415582 0.0110727083
v -0.000712387264 0.0314012207 0.0110830292
v -0.000287037168 0.0238659568 0.0138014071
v -0.000712387264 0.0314012207 0.0110830292
v -0.000702810124 0.0305419452 0.0111442357
v -0.00115140574 0.0200956799 0.00827729702
v -0.00103289436 0.0197050758 0.00903469417
v -0.000505709613 0.020980034 0.0124038896
v -0.000505709613 0.020980034 0.0124038896
v -0.00103289436 0.0197050758 0.00903469417
v -0.000938842364 0.0190966912 0.00963577256
v -0.000505709613 0.020980034 0.0124038896
v -0.000938842364 0.0190966912 0.00963577256
v -0.000451355358 0.0201861747 0.0127512626
v -0.000451355358 0.0201861747 0.0127512626
v -0.000938842364 0.0190966912 0.00963577256
v -0.000878458493 0.0183300711 0.010021681
v 3.35919613e-05 0.0177576728 0.0158505216
v 7.35527783e-06 0.017751921 0.0156828463
v -4.14346578e-05 0.0173430778 0.015371033
v -4.14346578e-05 0.0173430778 0.015371033
v 7.35527783e-06 0.017751921 0.0156828463
v -9.98674004e-05 0.0178501047 0.0149975941
v -4.14346578e-05 0.0173430778 0.015371033
v -9.98674004e-05 0.0178501047 0.0149975941
v -0.000188236387 0.0165437646 0.0144328345
v -0.000188236387 0.0165437646 0.0144328345
v -9.98674004e-05 0.0178501047 0.0149975941
v -0.000116568393 0.01788399 0.0148908589
v -0.000220389833 0.018232245 0.0142273447
v -0.00022740195 0.0182661153 0.0141825313
v -0.000878458493 0.0183300711 0.010021681
v -0.000878458493 0.0183300711 0.010021681
v -0.00022740195 0.0182661153 0.0141825313
v -0.000313440862 0.0188579746 0.0136326635
v -0.000878458493 0.0183300711 0.010021681
v -0.000313440862 0.0188579746 0.0136326635
v -0.000451355358 0.0201861747 0.0127512626
v -0.00300646573 0.00831974018 -0.00357824098
v -0.002833304 0.00831974018 -0.00247157901
v -0.00298297033 0.0163771398 -0.00342808384
v -0.00298297033 0.0163771398 -0.00342808384
v -0.002833304 0.00831974018 -0.00247157901
v -0.00254269294 0.0174802877 -0.000614306773
v -0.00298297033 0.0163771398 -0.00342808384
v -0.00254269294 0.0174802877 -0.000614306773
v -0.0027616499 0.019617755 -0.00201364281
v -0.0027616499 0.019617755 -0.00201364281
v -0.00254269294 0.0174802877 -0.000614306773
v -0.00252188579 0.0183300711 -0.000481330062
v -0.0027616499 0.019617755 -0.00201364281
v -0.00252188579 0.0183300711 -0.000481330062
v -0.00273917615 0.0199149884 -0.00187001482
v -0.00273917615 0.0199149884 -0.00187001482
v -0.00252188579 0.0183300711 -0.000481330062
v -0.00246150186 0.0190966912 -9.54215429e-05
v -0.00273917615 0.0199149884 -0.00187001482
v -0.00246150186 0.0190966912 -9.54215429e-05
v -0.00247314316 0.0231059678 -0.000169819308
v -0.00247314316 0.0231059678 -0.000169819308
v -0.00246150186 0.0190966912 -9.54215429e-05
v -0.00236744992 0.0197050758 0.000505656761
v -0.00247314316 0.0231059678 -0.000169819308
v -0.00236744992 0.0197050758 0.000505656761
v -0.00224893866 0.0200956799 0.00126305351
v -0.00245363405 0.0233196504 -4.51384585e-05
v -0.00247314316 0.0231059678 -0.000169819308
v -0.000514811079 0.0218462832 0.0123457219
v -0.000514811079 0.0218462832 0.0123457219
v -0.00247314316 0.0231059678 -0.000169819308
v -0.00211756746 0.0202302821 0.00210263603
v -0.000514811079 0.0218462832 0.0123457219
v -0.00211756746 0.0202302821 0.00210263603
v -0.000505709613 0.020980034 0.0124038896
v -0.000505709613 0.020980034 0.0124038896
v -0.00211756746 0.0202302821 0.00210263603
v -0.00128277682 0.0202302821 0.00743771484
v -0.000505709613 0.020980034 0.0124038896
v -0.00128277682 0.0202302821 0.00743771484
v -0.00115140574 0.0200956799 0.00827729702
v -0.000702810124 0.0305419452 0.0111442357
v -0.000738893461 0.0297126658 0.01091363
v -0.000287037168 0.0238659568 0.0138014071
v -0.000287037168 0.0238659568 0.0138014071
v -0.000738893461 0.0297126658 0.01091363
v -0.000816350395 0.0290118493 0.0104186088
v -0.000287037168 0.0238659568 0.0138014071
v -0.000816350395 0.0290118493 0.0104186088
v -0.000398458127 0.0233818479 0.0130893243
v -0.000398458127 0.0233818479 0.0130893243
v -0.000816350395 0.0290118493 0.0104186088
v -0.000925984932 0.0285227187 0.00971794315
v -0.000398458127 0.0233818479 0.0130893243
v -0.000925984932 0.0285227187 0.00971794315
v -0.00105477602 0.0283033736 0.00889484957
v -0.00145981088 0.0301282592 0.00630630506
v -0.00147265568 0.0309857465 0.00622421503
v -0.00176444964 0.0296480097 0.00435938314
v -0.00176444964 0.0296480097 0.00435938314
v -0.00147265568 0.0309857465 0.00622421503
v -0.00143973972 0.0318205245 0.00643457798
v -0.00176444964 0.0296480097 0.00435938314
v -0.00143973972 0.0318205245 0.00643457798
v -0.00136497337 0.0325334705 0.00691240327
v -0.00085765135 0.00391442003 0.010154658
v -0.00039387861 0.00391442003 0.0131185921
v -0.00085765135 0.0174802877 0.010154658
v -0.00085765135 0.0174802877 0.010154658
v -0.00039387861 0.00391442003 0.0131185921
v -0.00039387861 0.0131477611 0.0131185921
v -0.00105477602 0.0283033736 0.00889484957
v -0.00118743151 0.0283798464 0.00804705918
v -0.000398458127 0.0233818479 0.0130893243
v -0.000398458127 0.0233818479 0.0130893243
v -0.00118743151 0.0283798464 0.00804705918
v -0.00130819692 0.0287430622 0.00727525726
v -0.000398458127 0.0233818479 0.0130893243
v -0.00130819692 0.0287430622 0.00727525726
v -0.00176444964 0.0296480097 0.00435938314
v -0.00176444964 0.0296480097 0.00435938314
v -0.00130819692 0.0287430622 0.00727525726
v -0.00140273268 0.0293498971 0.00667108735
v -0.00176444964 0.0296480097 0.00435938314
v -0.00140273268 0.0293498971 0.00667108735
v -0.00145981088 0.0301282592 0.00630630506
v -0.000116568393 0.01788399 0.0148908589
v -0.000220389833 0.018232245 0.0142273447
v -0.000188236387 0.0165437646 0.0144328345
v -0.000188236387 0.0165437646 0.0144328345
v -0.000220389833 0.018232245 0.0142273447
v -0.000878458493 0.0183300711 0.010021681
v -0.000188236387 0.0165437646 0.0144328345
v -0.000878458493 0.0183300711 0.010021681
v -0.000300075451 0.0155351507 0.0137180807
v -0.000300075451 0.0155351507 0.0137180807
v -0.000878458493 0.0183300711 0.010021681
v -0.00085765135 0.0174802877 0.010154658
v -0.000300075451 0.0155351507 0.0137180807
v -0.00085765135 0.0174802877 0.010154658
v -0.000370060676 0.0143794017 0.0132708102
v -0.000370060676 0.0143794017 0.0132708102
v -0.00085765135 0.0174802877 0.010154658
v -0.00039387861 0.0131477611 0.0131185921
v 0.00361525337 0.0321884491 0.0100516696
v 0.00457203388 0.0229740627 0.0161663759
v 0.00447898265 0.0235997923 0.0155716939
v 0.00390417594 0.0226804204 0.0118981507
v 0.00386692816 0.0218462832 0.0116601028
v 0.00190859614 0.0231059678 -0.000855438877
v 0.00366935181 0.0314012207 0.0103974091
v 0.00422500074 0.0240743645 0.0139485169
v 0.00367892906 0.0305419452 0.0104586165
v 0.00367892906 0.0305419452 0.0104586165
v 0.00422500074 0.0240743645 0.0139485169
v 0.00409470219 0.0238659568 0.0131157879
v 0.00367892906 0.0305419452 0.0104586165
v 0.00409470219 0.0238659568 0.0131157879
v 0.00364284567 0.0297126658 0.0102280099
v 0.00447898265 0.0235997923 0.0155716939
v 0.0043584602 0.0239819176 0.0148014454
v 0.00361525337 0.0321884491 0.0100516696
v 0.00361525337 0.0321884491 0.0100516696
v 0.0043584602 0.0239819176 0.0148014454
v 0.00422500074 0.0240743645 0.0139485169
v 0.00361525337 0.0321884491 0.0100516696
v 0.00422500074 0.0240743645 0.0139485169
v 0.00366773712 0.0314415582 0.0103870891
v 0.00366773712 0.0314415582 0.0103870891
v 0.00422500074 0.0240743645 0.0139485169
v 0.00366935181 0.0314012207 0.0103974091
v 0.0026091428 0.0295842476 0.00362169906
v 0.0030167657 0.0325334705 0.00622678408
v 0.00294199935 0.0318205245 0.00574895833
v 0.00190859614 0.0231059678 -0.000855438877
v 0.00223897514 0.0264351256 0.00125598698
v 0.00390417594 0.0226804204 0.0118981507
v 0.00390417594 0.0226804204 0.0118981507
v 0.00223897514 0.0264351256 0.00125598698
v 0.00307354215 0.0287430622 0.0065896376
v 0.00390417594 0.0226804204 0.0118981507
v 0.00307354215 0.0287430622 0.0065896376
v 0.00398328109 0.0233818479 0.0124037052
v 0.00398328109 0.0233818479 0.0124037052
v 0.00307354215 0.0287430622 0.0065896376
v 0.00319430768 0.0283798464 0.00736143999
v 0.00319430768 0.0283798464 0.00736143999
v 0.00332696317 0.0283033736 0.00820923038
v 0.00398328109 0.0233818479 0.0124037052
v 0.00398328109 0.0233818479 0.0124037052
v 0.00332696317 0.0283033736 0.00820923038
v 0.00345575437 0.0285227187 0.00903232396
v 0.00398328109 0.0233818479 0.0124037052
v 0.00345575437 0.0285227187 0.00903232396
v 0.00409470219 0.0238659568 0.0131157879
v 0.00409470219 0.0238659568 0.0131157879
v 0.00345575437 0.0285227187 0.00903232396
v 0.00356538873 0.0290118493 0.00973298959
v 0.00409470219 0.0238659568 0.0131157879
v 0.00356538873 0.0290118493 0.00973298959
v 0.00364284567 0.0297126658 0.0102280099
v 0.00294199935 0.0318205245 0.00574895833
v 0.00290908362 0.0309857465 0.00553859537
v 0.0026091428 0.0295842476 0.00362169906
v 0.0026091428 0.0295842476 0.00362169906
v 0.00290908362 0.0309857465 0.00553859537
v 0.00292192842 0.0301282592 0.00562068541
v 0.0026091428 0.0295842476 0.00362169906
v 0.00292192842 0.0301282592 0.00562068541
v 0.00223897514 0.0264351256 0.00125598698
v 0.00223897514 0.0264351256 0.00125598698
v 0.00292192842 0.0301282592 0.00562068541
v 0.00297900662 0.0293498971 0.00598546769
v 0.00223897514 0.0264351256 0.00125598698
v 0.00297900662 0.0293498971 0.00598546769
v 0.00307354215 0.0287430622 0.0065896376
v 0.00190859614 0.0231059678 -0.000855438877
v 0.00213280064 0.0200956799 0.000577434024
v 0.00201428914 0.0197050758 -0.000179962779
v 0.00393038383 0.0201861747 0.0120656434
v 0.00350328069 0.0183300711 0.00933606178
v 0.00387602951 0.020980034 0.0117182694
v 0.00387602951 0.020980034 0.0117182694
v 0.00350328069 0.0183300711 0.00933606178
v 0.00344289676 0.0190966912 0.00895015337
v 0.00387602951 0.020980034 0.0117182694
v 0.00344289676 0.0190966912 0.00895015337
v 0.00386692816 0.0218462832 0.0116601028
v 0.00386692816 0.0218462832 0.0116601028
v 0.00344289676 0.0190966912 0.00895015337
v 0.00334884482 0.0197050758 0.00834907498
v 0.00190859614 0.0231059678 -0.000855438877
v 0.00201428914 0.0197050758 -0.000179962779
v 0.0016200894 0.019617755 -0.00269926246
v 0.00334884482 0.0197050758 0.00834907498
v 0.00323033356 0.0200956799 0.00759167783
v 0.00386692816 0.0218462832 0.0116601028
v 0.00386692816 0.0218462832 0.0116601028
v 0.00323033356 0.0200956799 0.00759167783
v 0.00309896236 0.0202302821 0.00675209519
v 0.00386692816 0.0218462832 0.0116601028
v 0.00309896236 0.0202302821 0.00675209519
v 0.00190859614 0.0231059678 -0.000855438877
v 0.00190859614 0.0231059678 -0.000855438877
v 0.00309896236 0.0202302821 0.00675209519
v 0.00226417184 0.0202302821 0.00141701649
v 0.00190859614 0.0231059678 -0.000855438877
v 0.00226417184 0.0202302821 0.00141701649
v 0.00213280064 0.0200956799 0.000577434024
v 0.00183904625 0.00661464455 -0.00129992631
v 0.00137527357 0.00661464455 -0.00426386064
v 0.00183904625 0.0174802877 -0.00129992631
v 0.00183904625 0.0174802877 -0.00129992631
v 0.00137527357 0.00661464455 -0.00426386064
v 0.00137527357 0.0159924664 -0.00426386064
v 0.00183904625 0.0174802877 -0.00129992631
v 0.00137527357 0.0159924664 -0.00426386064
v 0.00185985339 0.0183300711 -0.00116694963
v 0.00185985339 0.0183300711 -0.00116694963
v 0.00137527357 0.0159924664 -0.00426386064
v 0.0016200894 0.019617755 -0.00269926246
v 0.00185985339 0.0183300711 -0.00116694963
v 0.0016200894 0.019617755 -0.00269926246
v 0.00192023732 0.0190966912 -0.000781041104
v 0.00192023732 0.0190966912 -0.000781041104
v 0.0016200894 0.019617755 -0.00269926246
v 0.00201428914 0.0197050758 -0.000179962779
v 0.00451302063 0.0178838708 0.0157892276
v 0.00434030453 0.0173430778 0.0146854129
v 0.00441533094 0.0177576728 0.0151649024
v 0.00441533094 0.0177576728 0.0151649024
v 0.00434030453 0.0173430778 0.0146854129
v 0.00438909465 0.017751921 0.0149972262
v 0.00419350294 0.0165437646 0.0137472153
v 0.00426517101 0.01788399 0.0142052397
v 0.00434030453 0.0173430778 0.0146854129
v 0.00434030453 0.0173430778 0.0146854129
v 0.00426517101 0.01788399 0.0142052397
v 0.00428187195 0.0178501047 0.0143119739
v 0.00434030453 0.0173430778 0.0146854129
v 0.00428187195 0.0178501047 0.0143119739
v 0.00438909465 0.017751921 0.0149972262
v 0.00350328069 0.0183300711 0.00933606178
v 0.00419350294 0.0165437646 0.0137472153
v 0.00352408784 0.0174802877 0.00946903788
v 0.00352408784 0.0174802877 0.00946903788
v 0.00419350294 0.0165437646 0.0137472153
v 0.00408166368 0.0155351507 0.0130324606
v 0.0039878604 0.00391693832 0.0124329729
v 0.00352408784 0.00391693832 0.00946903788
v 0.0039878604 0.0131477611 0.0124329729
v 0.0039878604 0.0131477611 0.0124329729
v 0.00352408784 0.00391693832 0.00946903788
v 0.00352408784 0.0174802877 0.00946903788
v 0.0039878604 0.0131477611 0.0124329729
v 0.00352408784 0.0174802877 0.00946903788
v 0.00401167851 0.0143794017 0.0125851911
v 0.00401167851 0.0143794017 0.0125851911
v 0.00352408784 0.0174802877 0.00946903788
v 0.00408166368 0.0155351507 0.0130324606
v 0.00393038383 0.0201861747 0.0120656434
v 0.00406829827 0.0188579746 0.0129470434
v 0.00350328069 0.0183300711 0.00933606178
v 0.00350328069 0.0183300711 0.00933606178
v 0.00406829827 0.0188579746 0.0129470434
v 0.0041543371 0.0182661153 0.0134969112
v 0.00350328069 0.0183300711 0.00933606178
v 0.0041543371 0.0182661153 0.0134969112
v 0.00419350294 0.0165437646 0.0137472153
v 0.00419350294 0.0165437646 0.0137472153
v 0.0041543371 0.0182661153 0.0134969112
v 0.0041613495 0.018232245 0.0135417255
v 0.00419350294 0.0165437646 0.0137472153
v 0.0041613495 0.018232245 0.0135417255
v 0.00426517101 0.01788399 0.0142052397
v 0.00179918821 0.00080000289 0.0127754388
v 0.00133541552 0.00080000289 0.00981150381
v 0.00219437899 0.000692818838 0.0127136018
v 0.00219437899 0.000692818838 0.0127136018
v 0.00133541552 0.00080000289 0.00981150381
v 0.00173060619 0.000692818838 0.00974966772
v 0.00219437899 0.000692818838 0.0127136018
v 0.00173060619 0.000692818838 0.00974966772
v 0.00248368154 0.000399996119 0.0126683349
v 0.00248368154 0.000399996119 0.0126683349
v 0.00173060619 0.000692818838 0.00974966772
v 0.00201990874 0.000399996119 0.00970439985
v 0.00248368154 0.000399996119 0.0126683349
v 0.00201990874 0.000399996119 0.00970439985
v 0.00258956966 4.25310098e-09 0.0126517657
v 0.00258956966 4.25310098e-09 0.0126517657
v 0.00201990874 0.000399996119 0.00970439985
v 0.00212579709 4.25301039e-09 0.00968783163
v 0.00258956966 4.25310098e-09 0.0126517657
v 0.00212579709 4.25301039e-09 0.00968783163
v 0.00248368154 -0.000400002522 0.0126683349
v 0.00248368154 -0.000400002522 0.0126683349
v 0.00212579709 4.25301039e-09 0.00968783163
v 0.00201990874 -0.000400002522 0.00970439985
v 0.00248368154 -0.000400002522 0.0126683349
v 0.00201990874 -0.000400002522 0.00970439985
v 0.00219437899 -0.000692825241 0.0127136018
v 0.00219437899 -0.000692825241 0.0127136018
v 0.00201990874 -0.000400002522 0.00970439985
v 0.00173060619 -0.000692825241 0.00974966772
v 0.00219437899 -0.000692825241 0.0127136018
v 0.00173060619 -0.000692825241 0.00974966772
v 0.00179918821 -0.000799994392 0.0127754388
v 0.00179918821 -0.000799994392 0.0127754388
v 0.00173060619 -0.000692825241 0.00974966772
v 0.00133541552 -0.000799994392 0.00981150381
v 0.00179918821 -0.000799994392 0.0127754388
v 0.00133541552 -0.000799994392 0.00981150381
v 0.00140399754 -0.000692825241 0.0128372749
v 0.00140399754 -0.000692825241 0.0128372749
v 0.00133541552 -0.000799994392 0.00981150381
v 0.000940224738 -0.000692825241 0.00987334084
v 0.00140399754 -0.000692825241 0.0128372749
v 0.000940224738 -0.000692825241 0.00987334084
v 0.00111469498 -0.000400002522 0.0128825428
v 0.00111469498 -0.000400002522 0.0128825428
v 0.000940224738 -0.000692825241 0.00987334084
v 0.000650922186 -0.000400002522 0.00991860777
v 0.00111469498 -0.000400002522 0.0128825428
v 0.000650922186 -0.000400002522 0.00991860777
v 0.00100880675 4.2531747e-09 0.012899111
v 0.00100880675 4.2531747e-09 0.012899111
v 0.000650922186 -0.000400002522 0.00991860777
v 0.00054503401 4.25308411e-09 0.00993517693
v 0.00100880675 4.2531747e-09 0.012899111
v 0.00054503401 4.25308411e-09 0.00993517693
v 0.00111469498 0.000399996119 0.0128825428
v 0.00111469498 0.000399996119 0.0128825428
v 0.00054503401 4.25308411e-09 0.00993517693
v 0.000650922186 0.000399996119 0.00991860777
v 0.00111469498 0.000399996119 0.0128825428
v 0.000650922186 0.000399996119 0.00991860777
v 0.00140399754 0.000692818838 0.0128372749
v 0.00140399754 0.000692818838 0.0128372749
v 0.000650922186 0.000399996119 0.00991860777
v 0.000940224738 0.000692818838 0.00987334084
v 0.00140399754 0.000692818838 0.0128372749
v 0.000940224738 0.000692818838 0.00987334084
v 0.00179918821 0.00080000289 0.0127754388
v 0.00179918821 0.00080000289 0.0127754388
v 0.000940224738 0.000692818838 0.00987334084
v 0.00133541552 0.00080000289 0.00981150381
v 0.00457713101 0.0221376903 0.0149052413
v -0.00556706032 0.0221376903 0.0164925233
v 0.00452702213 0.0224426575 0.0145850005
v 0.00452702213 0.0224426575 0.0145850005
v -0.00556706032 0.0221376903 0.0164925233
v -0.00561716873 0.0224426575 0.0161722824
v 0.00452702213 0.0224426575 0.0145850005
v -0.00561716873 0.0224426575 0.0161722824
v 0.00446142163 0.0225767829 0.0141657535
v 0.00446142163 0.0225767829 0.0141657535
v -0.00561716873 0.0224426575 0.0161722824
v -0.00568276923 0.0225767829 0.0157530364
v 0.00446142163 0.0225767829 0.0141657535
v -0.00568276923 0.0225767829 0.0157530364
v 0.004393321 0.0225134976 0.0137305269
v 0.004393321 0.0225134976 0.0137305269
v -0.00568276923 0.0225767829 0.0157530364
v -0.00575087033 0.0225134976 0.0153178088
v 0.004393321 0.0225134976 0.0137305269
v -0.00575087033 0.0225134976 0.0153178088
v 0.0043362095 0.0222653486 0.0133655304
v 0.0043362095 0.0222653486 0.0133655304
v -0.00575087033 0.0225134976 0.0153178088
v -0.00580798183 0.0222653486 0.0149528123
v 0.0043362095 0.0222653486 0.0133655304
v -0.00580798183 0.0222653486 0.0149528123
v 0.0043013976 0.0218814947 0.0131430514
v 0.0043013976 0.0218814947 0.0131430514
v -0.00580798183 0.0222653486 0.0149528123
v -0.00584279373 0.0218814947 0.0147303334
v 0.0043013976 0.0218814947 0.0131430514
v -0.00584279373 0.0218814947 0.0147303334
v 0.00429578032 0.0214379318 0.0131071517
v 0.00429578032 0.0214379318 0.0131071517
v -0.00584279373 0.0218814947 0.0147303334
v -0.005848411 0.0214379318 0.0146944337
v 0.00429578032 0.0214379318 0.0131071517
v -0.005848411 0.0214379318 0.0146944337
v 0.00432047108 0.0210225321 0.0132649494
v 0.00432047108 0.0210225321 0.0132649494
v -0.005848411 0.0214379318 0.0146944337
v -0.00582371978 0.0210225321 0.0148522314
v 0.00432047108 0.0210225321 0.0132649494
v -0.00582371978 0.0210225321 0.0148522314
v 0.00445838552 0.019694332 0.0141463503
v 0.00445838552 0.019694332 0.0141463503
v -0.00582371978 0.0210225321 0.0148522314
v -0.00568580534 0.019694332 0.0157336313
v 0.00445838552 0.019694332 0.0141463503
v -0.00568580534 0.019694332 0.0157336313
v 0.00450849347 0.0193893798 0.0144665837
v 0.00450849347 0.0193893798 0.0144665837
v -0.00568580534 0.019694332 0.0157336313
v -0.00563569786 0.0193893798 0.0160538666
v 0.00450849347 0.0193893798 0.0144665837
v -0.00563569786 0.0193893798 0.0160538666
v 0.0045740935 0.0192552544 0.0148858307
v 0.0045740935 0.0192552544 0.0148858307
v -0.00563569786 0.0193893798 0.0160538666
v -0.00557009736 0.0192552544 0.0164731126
v 0.0045740935 0.0192552544 0.0148858307
v -0.00557009736 0.0192552544 0.0164731126
v 0.0046421946 0.0193185247 0.0153210573
v 0.0046421946 0.0193185247 0.0153210573
v -0.00557009736 0.0192552544 0.0164731126
v -0.00550199673 0.0193185247 0.0169083402
v 0.0046421946 0.0193185247 0.0153210573
v -0.00550199673 0.0193185247 0.0169083402
v 0.0046993061 0.0195666738 0.0156860538
v 0.0046993061 0.0195666738 0.0156860538
v -0.00550199673 0.0193185247 0.0169083402
v -0.00544488477 0.0195666738 0.0172733348
v 0.0046993061 0.0195666738 0.0156860538
v -0.00544488477 0.0195666738 0.0172733348
v 0.004734118 0.0199505426 0.0159085337
v 0.004734118 0.0199505426 0.0159085337
v -0.00544488477 0.0195666738 0.0172733348
v -0.00541007333 0.0199505426 0.0174958147
v 0.004734118 0.0199505426 0.0159085337
v -0.00541007333 0.0199505426 0.0174958147
v 0.00473973528 0.0203940906 0.0159444325
v 0.00473973528 0.0203940906 0.0159444325
v -0.00541007333 0.0199505426 0.0174958147
v -0.00540445605 0.0203940906 0.0175317153
v 0.00473973528 0.0203940906 0.0159444325
v -0.00540445605 0.0203940906 0.0175317153
v 0.00471504405 0.0208094902 0.0157866348
v 0.00471504405 0.0208094902 0.0157866348
v -0.00540445605 0.0203940906 0.0175317153
v -0.00542914681 0.0208094902 0.0173739158
v 0.00471504405 0.0208094902 0.0157866348
v -0.00542914681 0.0208094902 0.0173739158
v 0.00457713101 0.0221376903 0.0149052413
v 0.00457713101 0.0221376903 0.0149052413
v -0.00542914681 0.0208094902 0.0173739158
v -0.00556706032 0.0221376903 0.0164925233
v -0.00587830087 0.0188579746 0.0145034082
v -0.00601621578 0.0201861747 0.0136220073
v -0.000313440862 0.0188579746 0.0136326635
v -0.000313440862 0.0188579746 0.0136326635
v -0.00601621578 0.0201861747 0.0136220073
v -0.000451355358 0.0201861747 0.0127512626
v 0.00179698726 0.0131477611 0.0127757825
v 0.0039878604 0.0131477611 0.0124329729
v 0.00182080525 0.0143794017 0.0129280016
v 0.00182080525 0.0143794017 0.0129280016
v 0.0039878604 0.0131477611 0.0124329729
v 0.00401167851 0.0143794017 0.0125851911
v 0.00182080525 0.0143794017 0.0129280016
v 0.00401167851 0.0143794017 0.0125851911
v 0.00189079042 0.0155351507 0.0133752711
v 0.00189079042 0.0155351507 0.0133752711
v 0.00401167851 0.0143794017 0.0125851911
v 0.00408166368 0.0155351507 0.0130324606
v 0.00189079042 0.0155351507 0.0133752711
v 0.00408166368 0.0155351507 0.0130324606
v 0.00200262945 0.0165437646 0.0140900258
v 0.00200262945 0.0165437646 0.0140900258
v 0.00408166368 0.0155351507 0.0130324606
v 0.00419350294 0.0165437646 0.0137472153
v 0.00200262945 0.0165437646 0.0140900258
v 0.00419350294 0.0165437646 0.0137472153
v 0.00214943127 0.0173430778 0.0150282234
v 0.00214943127 0.0173430778 0.0150282234
v 0.00419350294 0.0165437646 0.0137472153
v 0.00434030453 0.0173430778 0.0146854129
v 0.00214943127 0.0173430778 0.0150282234
v 0.00434030453 0.0173430778 0.0146854129
v 0.00232214713 0.0178838708 0.0161320362
v 0.00232214713 0.0178838708 0.0161320362
v 0.00434030453 0.0173430778 0.0146854129
v 0.00451302063 0.0178838708 0.0157892276
v -0.00039387861 0.0131477611 0.0131185921
v 0.00179698726 0.0131477611 0.0127757825
v -0.000370060676 0.0143794017 0.0132708102
v -0.000370060676 0.0143794017 0.0132708102
v 0.00179698726 0.0131477611 0.0127757825
v 0.00182080525 0.0143794017 0.0129280016
v -0.000370060676 0.0143794017 0.0132708102
v 0.00182080525 0.0143794017 0.0129280016
v -0.000300075451 0.0155351507 0.0137180807
v -0.000300075451 0.0155351507 0.0137180807
v 0.00182080525 0.0143794017 0.0129280016
v 0.00189079042 0.0155351507 0.0133752711
v -0.000300075451 0.0155351507 0.0137180807
v 0.00189079042 0.0155351507 0.0133752711
v -0.000188236387 0.0165437646 0.0144328345
v -0.000188236387 0.0165437646 0.0144328345
v 0.00189079042 0.0155351507 0.0133752711
v 0.00200262945 0.0165437646 0.0140900258
v -0.000188236387 0.0165437646 0.0144328345
v 0.00200262945 0.0165437646 0.0140900258
v -4.14346578e-05 0.0173430778 0.015371033
v -4.14346578e-05 0.0173430778 0.015371033
v 0.00200262945 0.0165437646 0.0140900258
v 0.00214943127 0.0173430778 0.0150282234
v -4.14346578e-05 0.0173430778 0.015371033
v 0.00214943127 0.0173430778 0.0150282234
v 0.000131281253 0.0178838708 0.0164748468
v 0.000131281253 0.0178838708 0.0164748468
v 0.00214943127 0.0173430778 0.0150282234
v 0.00232214713 0.0178838708 0.0161320362
v 0.00393038383 0.0201861747 0.0120656434
v 0.00412797555 0.0201861747 0.0120347254
v 0.00406829827 0.0188579746 0.0129470434
v 0.00406829827 0.0188579746 0.0129470434
v 0.00412797555 0.0201861747 0.0120347254
v 0.00426588999 0.0188579746 0.0129161263
v 0.00412797555 0.0201861747 0.0120347254
v 0.00393038383 0.0201861747 0.0120656434
v 0.00387602951 0.020980034 0.0117182694
v 0.00412797555 0.0201861747 0.0120347254
v 0.00387602951 0.020980034 0.0117182694
v 0.00407362124 0.020980034 0.0116873523
v 0.00407362124 0.020980034 0.0116873523
v 0.00387602951 0.020980034 0.0117182694
v 0.00386692816 0.0218462832 0.0116601028
v 0.00407362124 0.020980034 0.0116873523
v 0.00386692816 0.0218462832 0.0116601028
v 0.00406451989 0.0218462832 0.0116291856
v 0.00406451989 0.0218462832 0.0116291856
v 0.00386692816 0.0218462832 0.0116601028
v 0.00390417594 0.0226804204 0.0118981507
v 0.00406451989 0.0218462832 0.0116291856
v 0.00390417594 0.0226804204 0.0118981507
v 0.00410176767 0.0226804204 0.0118672336
v 0.00410176767 0.0226804204 0.0118672336
v 0.00390417594 0.0226804204 0.0118981507
v 0.00398328109 0.0233818479 0.0124037052
v 0.00410176767 0.0226804204 0.0118672336
v 0.00398328109 0.0233818479 0.0124037052
v 0.00418087281 0.0233818479 0.0123727871
v 0.00418087281 0.0233818479 0.0123727871
v 0.00398328109 0.0233818479 0.0124037052
v 0.00409470219 0.0238659568 0.0131157879
v 0.00418087281 0.0233818479 0.0123727871
v 0.00409470219 0.0238659568 0.0131157879
v 0.00429229392 0.0238659568 0.0130848698
v 0.00429229392 0.0238659568 0.0130848698
v 0.00409470219 0.0238659568 0.0131157879
v 0.00422500074 0.0240743645 0.0139485169
v 0.00429229392 0.0238659568 0.0130848698
v 0.00422500074 0.0240743645 0.0139485169
v 0.00442259246 0.0240743645 0.0139175998
v 0.00442259246 0.0240743645 0.0139175998
v 0.00422500074 0.0240743645 0.0139485169
v 0.0043584602 0.0239819176 0.0148014454
v 0.00442259246 0.0240743645 0.0139175998
v 0.0043584602 0.0239819176 0.0148014454
v 0.00455605192 0.0239819176 0.0147705274
v 0.00455605192 0.0239819176 0.0147705274
v 0.0043584602 0.0239819176 0.0148014454
v 0.00447898265 0.0235997923 0.0155716939
v 0.00455605192 0.0239819176 0.0147705274
v 0.00447898265 0.0235997923 0.0155716939
v 0.00467657438 0.0235997923 0.0155407768
v 0.00467657438 0.0235997923 0.0155407768
v 0.00447898265 0.0235997923 0.0155716939
v 0.00457203388 0.0229740627 0.0161663759
v 0.00467657438 0.0235997923 0.0155407768
v 0.00457203388 0.0229740627 0.0161663759
v 0.00476962561 0.0229740627 0.0161354579
v 0.00446142163 0.0225767829 0.0141657535
v 0.00455605192 0.0239819176 0.0147705274
v 0.00452702213 0.0224426575 0.0145850005
v 0.00452702213 0.0224426575 0.0145850005
v 0.00455605192 0.0239819176 0.0147705274
v 0.00467657438 0.0235997923 0.0155407768
v 0.00452702213 0.0224426575 0.0145850005
v 0.00467657438 0.0235997923 0.0155407768
v 0.00457713101 0.0221376903 0.0149052413
v 0.00457713101 0.0221376903 0.0149052413
v 0.00467657438 0.0235997923 0.0155407768
v 0.00476962561 0.0229740627 0.0161354579
v 0.00457713101 0.0221376903 0.0149052413
v 0.00476962561 0.0229740627 0.0161354579
v 0.00471504405 0.0208094902 0.0157866348
v 0.00471504405 0.0208094902 0.0157866348
v 0.00476962561 0.0229740627 0.0161354579
v 0.00490754005 0.0216458626 0.0170168579
v 0.00471504405 0.0208094902 0.0157866348
v 0.00490754005 0.0216458626 0.0170168579
v 0.00473973528 0.0203940906 0.0159444325
v 0.00429578032 0.0214379318 0.0131071517
v 0.00406451989 0.0218462832 0.0116291856
v 0.0043013976 0.0218814947 0.0131430514
v 0.0043013976 0.0218814947 0.0131430514
v 0.00406451989 0.0218462832 0.0116291856
v 0.00410176767 0.0226804204 0.0118672336
v 0.0043013976 0.0218814947 0.0131430514
v 0.00410176767 0.0226804204 0.0118672336
v 0.0043362095 0.0222653486 0.0133655304
v 0.0043362095 0.0222653486 0.0133655304
v 0.00410176767 0.0226804204 0.0118672336
v 0.00418087281 0.0233818479 0.0123727871
v 0.0043362095 0.0222653486 0.0133655304
v 0.00418087281 0.0233818479 0.0123727871
v 0.004393321 0.0225134976 0.0137305269
v 0.004393321 0.0225134976 0.0137305269
v 0.00418087281 0.0233818479 0.0123727871
v 0.00429229392 0.0238659568 0.0130848698
v 0.004393321 0.0225134976 0.0137305269
v 0.00429229392 0.0238659568 0.0130848698
v 0.00446142163 0.0225767829 0.0141657535
v 0.00446142163 0.0225767829 0.0141657535
v 0.00429229392 0.0238659568 0.0130848698
v 0.00442259246 0.0240743645 0.0139175998
v 0.00446142163 0.0225767829 0.0141657535
v 0.00442259246 0.0240743645 0.0139175998
v 0.00455605192 0.0239819176 0.0147705274
v 0.00490754005 0.0216458626 0.0170168579
v 0.00496189436 0.0208519883 0.0173642319
v 0.00473973528 0.0203940906 0.0159444325
v 0.00473973528 0.0203940906 0.0159444325
v 0.00496189436 0.0208519883 0.0173642319
v 0.00497099571 0.019985754 0.0174223986
v 0.00473973528 0.0203940906 0.0159444325
v 0.00497099571 0.019985754 0.0174223986
v 0.004734118 0.0199505426 0.0159085337
v 0.004734118 0.0199505426 0.0159085337
v 0.00497099571 0.019985754 0.0174223986
v 0.00493374793 0.0191516168 0.0171843506
v 0.004734118 0.0199505426 0.0159085337
v 0.00493374793 0.0191516168 0.0171843506
v 0.0046993061 0.0195666738 0.0156860538
v 0.0046993061 0.0195666738 0.0156860538
v 0.00493374793 0.0191516168 0.0171843506
v 0.00485464279 0.0184501894 0.0166787971
v 0.0046993061 0.0195666738 0.0156860538
v 0.00485464279 0.0184501894 0.0166787971
v 0.0046421946 0.0193185247 0.0153210573
v 0.0046421946 0.0193185247 0.0153210573
v 0.00485464279 0.0184501894 0.0166787971
v 0.00474322168 0.0179660805 0.0159667134
v 0.0046421946 0.0193185247 0.0153210573
v 0.00474322168 0.0179660805 0.0159667134
v 0.0045740935 0.0192552544 0.0148858307
v 0.00474322168 0.0179660805 0.0159667134
v 0.00461292267 0.0177576728 0.0151339844
v 0.0045740935 0.0192552544 0.0148858307
v 0.0045740935 0.0192552544 0.0148858307
v 0.00461292267 0.0177576728 0.0151339844
v 0.00447946368 0.0178501047 0.0142810568
v 0.0045740935 0.0192552544 0.0148858307
v 0.00447946368 0.0178501047 0.0142810568
v 0.00450849347 0.0193893798 0.0144665837
v 0.00450849347 0.0193893798 0.0144665837
v 0.00447946368 0.0178501047 0.0142810568
v 0.00435894122 0.018232245 0.0135108074
v 0.00450849347 0.0193893798 0.0144665837
v 0.00435894122 0.018232245 0.0135108074
v 0.00445838552 0.019694332 0.0141463503
v 0.00445838552 0.019694332 0.0141463503
v 0.00435894122 0.018232245 0.0135108074
v 0.00426588999 0.0188579746 0.0129161263
v 0.00445838552 0.019694332 0.0141463503
v 0.00426588999 0.0188579746 0.0129161263
v 0.00432047108 0.0210225321 0.0132649494
v 0.00432047108 0.0210225321 0.0132649494
v 0.00426588999 0.0188579746 0.0129161263
v 0.00412797555 0.0201861747 0.0120347254
v 0.00432047108 0.0210225321 0.0132649494
v 0.00412797555 0.0201861747 0.0120347254
v 0.00429578032 0.0214379318 0.0131071517
v 0.00429578032 0.0214379318 0.0131071517
v 0.00412797555 0.0201861747 0.0120347254
v 0.00407362124 0.020980034 0.0116873523
v 0.00429578032 0.0214379318 0.0131071517
v 0.00407362124 0.020980034 0.0116873523
v 0.00406451989 0.0218462832 0.0116291856
v -0.000116568393 0.01788399 0.0148908589
v -9.98674004e-05 0.0178501047 0.0149975941
v -0.00566472765 0.0178501047 0.0158683397
v -0.00553126819 0.0177576728 0.0167212673
v 3.35919613e-05 0.0177576728 0.0158505216
v -0.00540096965 0.0179660805 0.0175539963
v -0.00540096965 0.0179660805 0.0175539963
v 3.35919613e-05 0.0177576728 0.0158505216
v 0.000131281253 0.0178838708 0.0164748468
v 0.000131281253 0.0178838708 0.0164748468
v 0.00232214713 0.0178838708 0.0161320362
v 0.00474322168 0.0179660805 0.0159667134
v 0.00474322168 0.0179660805 0.0159667134
v 0.00232214713 0.0178838708 0.0161320362
v 0.00451302063 0.0178838708 0.0157892276
v 0.00474322168 0.0179660805 0.0159667134
v 0.00451302063 0.0178838708 0.0157892276
v 0.00461292267 0.0177576728 0.0151339844
v -0.00566472765 0.0178501047 0.0158683397
v -9.98674004e-05 0.0178501047 0.0149975941
v -0.00553126819 0.0177576728 0.0167212673
v -0.00553126819 0.0177576728 0.0167212673
v -9.98674004e-05 0.0178501047 0.0149975941
v 7.35527783e-06 0.017751921 0.0156828463
v -0.00553126819 0.0177576728 0.0167212673
v 7.35527783e-06 0.017751921 0.0156828463
v 3.35919613e-05 0.0177576728 0.0158505216
v -0.000116568393 0.01788399 0.0148908589
v -0.00566472765 0.0178501047 0.0158683397
v -0.000220389833 0.018232245 0.0142273447
v -0.000220389833 0.018232245 0.0142273447
v -0.00566472765 0.0178501047 0.0158683397
v -0.0057852501 0.018232245 0.0150980894
v -0.000220389833 0.018232245 0.0142273447
v -0.0057852501 0.018232245 0.0150980894
v -0.00022740195 0.0182661153 0.0141825313
v -0.00022740195 0.0182661153 0.0141825313
v -0.0057852501 0.018232245 0.0150980894
v -0.00587830087 0.0188579746 0.0145034082
v -0.00022740195 0.0182661153 0.0141825313
v -0.00587830087 0.0188579746 0.0145034082
v -0.000313440862 0.0188579746 0.0136326635
v 0.00406829827 0.0188579746 0.0129470434
v 0.00426588999 0.0188579746 0.0129161263
v 0.0041543371 0.0182661153 0.0134969112
v 0.0041543371 0.0182661153 0.0134969112
v 0.00426588999 0.0188579746 0.0129161263
v 0.00435894122 0.018232245 0.0135108074
v 0.00447946368 0.0178501047 0.0142810568
v 0.00426517101 0.01788399 0.0142052397
v 0.00435894122 0.018232245 0.0135108074
v 0.00435894122 0.018232245 0.0135108074
v 0.00426517101 0.01788399 0.0142052397
v 0.0041613495 0.018232245 0.0135417255
v 0.00435894122 0.018232245 0.0135108074
v 0.0041613495 0.018232245 0.0135417255
v 0.0041543371 0.0182661153 0.0134969112
v 0.00451302063 0.0178838708 0.0157892276
v 0.00441533094 0.0177576728 0.0151649024
v 0.00461292267 0.0177576728 0.0151339844
v 0.00461292267 0.0177576728 0.0151339844
v 0.00441533094 0.0177576728 0.0151649024
v 0.00438909465 0.017751921 0.0149972262
v 0.00461292267 0.0177576728 0.0151339844
v 0.00438909465 0.017751921 0.0149972262
v 0.00447946368 0.0178501047 0.0142810568
v 0.00447946368 0.0178501047 0.0142810568
v 0.00438909465 0.017751921 0.0149972262
v 0.00428187195 0.0178501047 0.0143119739
v 0.00447946368 0.0178501047 0.0142810568
v 0.00428187195 0.0178501047 0.0143119739
v 0.00426517101 0.01788399 0.0142052397
v 0.000131281253 0.0178838708 0.0164748468
v 0.00474322168 0.0179660805 0.0159667134
v -0.00540096965 0.0179660805 0.0175539963
v -0.00540096965 0.0179660805 0.0175539963
v 0.00474322168 0.0179660805 0.0159667134
v 0.00485464279 0.0184501894 0.0166787971
v -0.00540096965 0.0179660805 0.0175539963
v 0.00485464279 0.0184501894 0.0166787971
v -0.00528954854 0.0184501894 0.0182660781
v -0.00528954854 0.0184501894 0.0182660781
v 0.00485464279 0.0184501894 0.0166787971
v 0.00493374793 0.0191516168 0.0171843506
v -0.00528954854 0.0184501894 0.0182660781
v 0.00493374793 0.0191516168 0.0171843506
v -0.0052104434 0.0191516168 0.0187716335
v -0.0052104434 0.0191516168 0.0187716335
v 0.00493374793 0.0191516168 0.0171843506
v 0.00497099571 0.019985754 0.0174223986
v -0.0052104434 0.0191516168 0.0187716335
v 0.00497099571 0.019985754 0.0174223986
v -0.00517319562 0.019985754 0.0190096814
v -0.00517319562 0.019985754 0.0190096814
v 0.00497099571 0.019985754 0.0174223986
v 0.00496189436 0.0208519883 0.0173642319
v -0.00517319562 0.019985754 0.0190096814
v 0.00496189436 0.0208519883 0.0173642319
v -0.00518229697 0.0208519883 0.0189515147
v -0.00518229697 0.0208519883 0.0189515147
v 0.00496189436 0.0208519883 0.0173642319
v 0.00490754005 0.0216458626 0.0170168579
v -0.00518229697 0.0208519883 0.0189515147
v 0.00490754005 0.0216458626 0.0170168579
v -0.00523665128 0.0216458626 0.0186041407
v -0.00541007333 0.0199505426 0.0174958147
v -0.00517319562 0.019985754 0.0190096814
v -0.00540445605 0.0203940906 0.0175317153
v -0.00540445605 0.0203940906 0.0175317153
v -0.00517319562 0.019985754 0.0190096814
v -0.00518229697 0.0208519883 0.0189515147
v -0.00540445605 0.0203940906 0.0175317153
v -0.00518229697 0.0208519883 0.0189515147
v -0.00542914681 0.0208094902 0.0173739158
v -0.00542914681 0.0208094902 0.0173739158
v -0.00518229697 0.0208519883 0.0189515147
v -0.00523665128 0.0216458626 0.0186041407
v -0.00542914681 0.0208094902 0.0173739158
v -0.00523665128 0.0216458626 0.0186041407
v -0.00556706032 0.0221376903 0.0164925233
v -0.00556706032 0.0221376903 0.0164925233
v -0.00523665128 0.0216458626 0.0186041407
v -0.00537456572 0.0229740627 0.0177227408
v -0.00556706032 0.0221376903 0.0164925233
v -0.00537456572 0.0229740627 0.0177227408
v -0.00561716873 0.0224426575 0.0161722824
v -0.00563569786 0.0193893798 0.0160538666
v -0.00566472765 0.0178501047 0.0158683397
v -0.00557009736 0.0192552544 0.0164731126
v -0.00557009736 0.0192552544 0.0164731126
v -0.00566472765 0.0178501047 0.0158683397
v -0.00553126819 0.0177576728 0.0167212673
v -0.00557009736 0.0192552544 0.0164731126
v -0.00553126819 0.0177576728 0.0167212673
v -0.00550199673 0.0193185247 0.0169083402
v -0.00550199673 0.0193185247 0.0169083402
v -0.00553126819 0.0177576728 0.0167212673
v -0.00540096965 0.0179660805 0.0175539963
v -0.00550199673 0.0193185247 0.0169083402
v -0.00540096965 0.0179660805 0.0175539963
v -0.00544488477 0.0195666738 0.0172733348
v -0.00544488477 0.0195666738 0.0172733348
v -0.00540096965 0.0179660805 0.0175539963
v -0.00528954854 0.0184501894 0.0182660781
v -0.00544488477 0.0195666738 0.0172733348
v -0.00528954854 0.0184501894 0.0182660781
v -0.00541007333 0.0199505426 0.0174958147
v -0.00541007333 0.0199505426 0.0174958147
v -0.00528954854 0.0184501894 0.0182660781
v -0.0052104434 0.0191516168 0.0187716335
v -0.00541007333 0.0199505426 0.0174958147
v -0.0052104434 0.0191516168 0.0187716335
v -0.00517319562 0.019985754 0.0190096814
v -0.00537456572 0.0229740627 0.0177227408
v -0.00546761695 0.0235997923 0.0171280578
v -0.00561716873 0.0224426575 0.0161722824
v -0.00561716873 0.0224426575 0.0161722824
v -0.00546761695 0.0235997923 0.0171280578
v -0.00558813894 0.0239819176 0.0163578093
v -0.00561716873 0.0224426575 0.0161722824
v -0.00558813894 0.0239819176 0.0163578093
v -0.00568276923 0.0225767829 0.0157530364
v -0.00568276923 0.0225767829 0.0157530364
v -0.00558813894 0.0239819176 0.0163578093
v -0.0057215984 0.0240743645 0.0155048817
v -0.00568276923 0.0225767829 0.0157530364
v -0.0057215984 0.0240743645 0.0155048817
v -0.00575087033 0.0225134976 0.0153178088
v -0.00575087033 0.0225134976 0.0153178088
v -0.0057215984 0.0240743645 0.0155048817
v -0.00585189741 0.0238659568 0.0146721518
v -0.00575087033 0.0225134976 0.0153178088
v -0.00585189741 0.0238659568 0.0146721518
v -0.00580798183 0.0222653486 0.0149528123
v -0.00580798183 0.0222653486 0.0149528123
v -0.00585189741 0.0238659568 0.0146721518
v -0.00596331852 0.0233818479 0.01396007
v -0.00580798183 0.0222653486 0.0149528123
v -0.00596331852 0.0233818479 0.01396007
v -0.00584279373 0.0218814947 0.0147303334
v -0.00596331852 0.0233818479 0.01396007
v -0.00604242366 0.0226804204 0.0134545155
v -0.00584279373 0.0218814947 0.0147303334
v -0.00584279373 0.0218814947 0.0147303334
v -0.00604242366 0.0226804204 0.0134545155
v -0.00607967144 0.0218462832 0.0132164676
v -0.00584279373 0.0218814947 0.0147303334
v -0.00607967144 0.0218462832 0.0132164676
v -0.005848411 0.0214379318 0.0146944337
v -0.005848411 0.0214379318 0.0146944337
v -0.00607967144 0.0218462832 0.0132164676
v -0.00607056962 0.020980034 0.0132746343
v -0.005848411 0.0214379318 0.0146944337
v -0.00607056962 0.020980034 0.0132746343
v -0.00582371978 0.0210225321 0.0148522314
v -0.00582371978 0.0210225321 0.0148522314
v -0.00607056962 0.020980034 0.0132746343
v -0.00601621578 0.0201861747 0.0136220073
v -0.00582371978 0.0210225321 0.0148522314
v -0.00601621578 0.0201861747 0.0136220073
v -0.00568580534 0.019694332 0.0157336313
v -0.00568580534 0.019694332 0.0157336313
v -0.00601621578 0.0201861747 0.0136220073
v -0.00587830087 0.0188579746 0.0145034082
v -0.00568580534 0.019694332 0.0157336313
v -0.00587830087 0.0188579746 0.0145034082
v -0.00563569786 0.0193893798 0.0160538666
v -0.00563569786 0.0193893798 0.0160538666
v -0.00587830087 0.0188579746 0.0145034082
v -0.0057852501 0.018232245 0.0150980894
v -0.00563569786 0.0193893798 0.0160538666
v -0.0057852501 0.018232245 0.0150980894
v -0.00566472765 0.0178501047 0.0158683397
v -0.000451355358 0.0201861747 0.0127512626
v -0.00601621578 0.0201861747 0.0136220073
v -0.00607056962 0.020980034 0.0132746343
v -0.000451355358 0.0201861747 0.0127512626
v -0.00607056962 0.020980034 0.0132746343
v -0.000505709613 0.020980034 0.0124038896
v -0.000505709613 0.020980034 0.0124038896
v -0.00607056962 0.020980034 0.0132746343
v -0.00607967144 0.0218462832 0.0132164676
v -0.000505709613 0.020980034 0.0124038896
v -0.00607967144 0.0218462832 0.0132164676
v -0.000514811079 0.0218462832 0.0123457219
v -0.000514811079 0.0218462832 0.0123457219
v -0.00607967144 0.0218462832 0.0132164676
v -0.00604242366 0.0226804204 0.0134545155
v -0.000514811079 0.0218462832 0.0123457219
v -0.00604242366 0.0226804204 0.0134545155
v -0.000477563241 0.0226804204 0.0125837699
v -0.000477563241 0.0226804204 0.0125837699
v -0.00604242366 0.0226804204 0.0134545155
v -0.00596331852 0.0233818479 0.01396007
v -0.000477563241 0.0226804204 0.0125837699
v -0.00596331852 0.0233818479 0.01396007
v -0.000398458127 0.0233818479 0.0130893243
v -0.000398458127 0.0233818479 0.0130893243
v -0.00596331852 0.0233818479 0.01396007
v -0.00585189741 0.0238659568 0.0146721518
v -0.000398458127 0.0233818479 0.0130893243
v -0.00585189741 0.0238659568 0.0146721518
v -0.000287037168 0.0238659568 0.0138014071
v -0.000287037168 0.0238659568 0.0138014071
v -0.00585189741 0.0238659568 0.0146721518
v -0.0057215984 0.0240743645 0.0155048817
v -0.000287037168 0.0238659568 0.0138014071
v -0.0057215984 0.0240743645 0.0155048817
v -0.000156738315 0.0240743645 0.0146341361
v -0.000156738315 0.0240743645 0.0146341361
v -0.0057215984 0.0240743645 0.0155048817
v -0.00558813894 0.0239819176 0.0163578093
v -0.000156738315 0.0240743645 0.0146341361
v -0.00558813894 0.0239819176 0.0163578093
v -2.32789516e-05 0.0239819176 0.0154870646
v -2.32789516e-05 0.0239819176 0.0154870646
v -0.00558813894 0.0239819176 0.0163578093
v -0.00546761695 0.0235997923 0.0171280578
v -2.32789516e-05 0.0239819176 0.0154870646
v -0.00546761695 0.0235997923 0.0171280578
v 9.72434791e-05 0.0235997923 0.016257314
v 9.72434791e-05 0.0235997923 0.016257314
v -0.00546761695 0.0235997923 0.0171280578
v -0.00537456572 0.0229740627 0.0177227408
v 9.72434791e-05 0.0235997923 0.016257314
v -0.00537456572 0.0229740627 0.0177227408
v 0.000190294508 0.0229740627 0.0168519951
v 0.00352408784 0.00391693832 0.00946903788
v 0.0039878604 0.00391693832 0.0124329729
v 0.0049175052 0.00320749404 0.0122875096
v 0.00352408784 0.00391693832 0.00946903788
v 0.0049175052 0.00320749404 0.0122875096
v 0.00445373217 0.00320749404 0.0093235746
v 0.00445373217 0.00320749404 0.0093235746
v 0.0049175052 0.00320749404 0.0122875096
v 0.00563330483 0.00227807881 0.0121755069
v 0.00445373217 0.00320749404 0.0093235746
v 0.00563330483 0.00227807881 0.0121755069
v 0.00516953226 0.00227807881 0.00921157189
v 0.00516953226 0.00227807881 0.00921157189
v 0.00563330483 0.00227807881 0.0121755069
v 0.00608616183 0.00119242503 0.0121046472
v 0.00516953226 0.00227807881 0.00921157189
v 0.00608616183 0.00119242503 0.0121046472
v 0.0056223888 0.00119242503 0.00914071314
v 0.0056223888 0.00119242503 0.00914071314
v 0.00608616183 0.00119242503 0.0121046472
v 0.0062450273 2.50084013e-05 0.0120797893
v 0.0056223888 0.00119242503 0.00914071314
v 0.0062450273 2.50084013e-05 0.0120797893
v 0.00578125427 2.50084013e-05 0.00911585521
v 0.00578125427 2.50084013e-05 0.00911585521
v 0.0062450273 2.50084013e-05 0.0120797893
v 0.00609899219 -0.00114413665 0.0121026393
v 0.00578125427 2.50084013e-05 0.00911585521
v 0.00609899219 -0.00114413665 0.0121026393
v 0.00563521916 -0.00114413665 0.00913870521
v 0.00563521916 -0.00114413665 0.00913870521
v 0.00609899219 -0.00114413665 0.0121026393
v 0.0056580822 -0.00223481236 0.0121716298
v 0.00563521916 -0.00114413665 0.00913870521
v 0.0056580822 -0.00223481236 0.0121716298
v 0.00519430917 -0.00223481236 0.00920769572
v 0.00519430917 -0.00223481236 0.00920769572
v 0.0056580822 -0.00223481236 0.0121716298
v 0.00495252898 -0.00317221461 0.0122820288
v 0.00519430917 -0.00223481236 0.00920769572
v 0.00495252898 -0.00317221461 0.0122820288
v 0.00448875595 -0.00317221461 0.0093180947
v 0.00448875595 -0.00317221461 0.0093180947
v 0.00495252898 -0.00317221461 0.0122820288
v 0.00403072359 -0.00389208971 0.0124262655
v 0.00448875595 -0.00317221461 0.0093180947
v 0.00403072359 -0.00389208971 0.0124262655
v 0.00356695103 -0.00389208971 0.00946233142
v 0.00356695103 -0.00389208971 0.00946233142
v 0.00403072359 -0.00389208971 0.0124262655
v 0.00295588328 -0.0043450254 0.0125944484
v 0.00356695103 -0.00389208971 0.00946233142
v 0.00295588328 -0.0043450254 0.0125944484
v 0.00249211048 -0.0043450254 0.00963051338
v 0.00249211048 -0.0043450254 0.00963051338
v 0.00295588328 -0.0043450254 0.0125944484
v 0.00180172047 -0.00449999748 0.0127750421
v 0.00249211048 -0.0043450254 0.00963051338
v 0.00180172047 -0.00449999748 0.0127750421
v 0.00133794767 -0.00449999748 0.009811108
v 0.00133794767 -0.00449999748 0.009811108
v 0.00180172047 -0.00449999748 0.0127750421
v 0.000647380948 -0.00434636651 0.0129556637
v 0.00133794767 -0.00449999748 0.009811108
v 0.000647380948 -0.00434636651 0.0129556637
v 0.000183608208 -0.00434636651 0.00999172963
v 0.000183608208 -0.00434636651 0.00999172963
v 0.000647380948 -0.00434636651 0.0129556637
v -0.000427974825 -0.00389465271 0.0131239267
v 0.000183608208 -0.00434636651 0.00999172963
v -0.000427974825 -0.00389465271 0.0131239267
v -0.000891747593 -0.00389465271 0.0101599926
v -0.000891747593 -0.00389465271 0.0101599926
v -0.000427974825 -0.00389465271 0.0131239267
v -0.00135058223 -0.00317585049 0.0132682892
v -0.000891747593 -0.00389465271 0.0101599926
v -0.00135058223 -0.00317585049 0.0132682892
v -0.00181435503 -0.00317585049 0.0103043551
v -0.00181435503 -0.00317585049 0.0103043551
v -0.00135058223 -0.00317585049 0.0132682892
v -0.00205718796 -0.00223925291 0.013378853
v -0.00181435503 -0.00317585049 0.0103043551
v -0.00205718796 -0.00223925291 0.013378853
v -0.00252096076 -0.00223925291 0.0104149189
v -0.00252096076 -0.00223925291 0.0104149189
v -0.00205718796 -0.00223925291 0.013378853
v -0.0024993273 -0.00114908384 0.0134480363
v -0.00252096076 -0.00223925291 0.0104149189
v -0.0024993273 -0.00114908384 0.0134480363
v -0.00296310009 -0.00114908384 0.0104841013
v -0.00296310009 -0.00114908384 0.0104841013
v -0.0024993273 -0.00114908384 0.0134480363
v -0.00264667277 1.98824018e-05 0.0134710912
v -0.00296310009 -0.00114908384 0.0104841013
v -0.00264667277 1.98824018e-05 0.0134710912
v -0.00311044557 1.98824018e-05 0.0105071571
v -0.00311044557 1.98824018e-05 0.0105071571
v -0.00264667277 1.98824018e-05 0.0134710912
v -0.00248912489 0.00118749274 0.0134464391
v -0.00311044557 1.98824018e-05 0.0105071571
v -0.00248912489 0.00118749274 0.0134464391
v -0.00295289769 0.00118749274 0.010482505
v -0.00295289769 0.00118749274 0.010482505
v -0.00248912489 0.00118749274 0.0134464391
v -0.00203749002 0.00227365317 0.0133757712
v -0.00295289769 0.00118749274 0.010482505
v -0.00203749002 0.00227365317 0.0133757712
v -0.00250126282 0.00227365317 0.0104118371
v -0.00250126282 0.00227365317 0.0104118371
v -0.00203749002 0.00227365317 0.0133757712
v -0.00132273545 0.00320390286 0.0132639324
v -0.00250126282 0.00227365317 0.0104118371
v -0.00132273545 0.00320390286 0.0132639324
v -0.00178650825 0.00320390286 0.0102999974
v -0.00178650825 0.00320390286 0.0102999974
v -0.00132273545 0.00320390286 0.0132639324
v -0.00039387861 0.00391442003 0.0131185921
v -0.00178650825 0.00320390286 0.0102999974
v -0.00039387861 0.00391442003 0.0131185921
v -0.00085765135 0.00391442003 0.010154658
v 0.000190294508 0.0229740627 0.0168519951
v -0.00537456572 0.0229740627 0.0177227408
v -0.00523665128 0.0216458626 0.0186041407
v 0.00490754005 0.0216458626 0.0170168579
v 0.00476962561 0.0229740627 0.0161354579
v 0.00457203388 0.0229740627 0.0161663759
v 0.00361525337 0.0321884491 0.0100516696
v -0.000766485813 0.0321884491 0.0107372897
v 0.00457203388 0.0229740627 0.0161663759
v 0.00457203388 0.0229740627 0.0161663759
v -0.000766485813 0.0321884491 0.0107372897
v 0.000190294508 0.0229740627 0.0168519951
v 0.00457203388 0.0229740627 0.0161663759
v 0.000190294508 0.0229740627 0.0168519951
v 0.00490754005 0.0216458626 0.0170168579
v 0.00490754005 0.0216458626 0.0170168579
v 0.000190294508 0.0229740627 0.0168519951
v -0.00523665128 0.0216458626 0.0186041407
v 0.0049175052 0.00320749404 0.0122875096
v 0.0039878604 0.00391693832 0.0124329729
v 0.00403072359 -0.00389208971 0.0124262655
v 0.000461780379 0.0114008235 0.0129847052
v 0.000872996054 0.0119227516 0.0129203619
v -0.00039387861 0.0131477611 0.0131185921
v 0.0039878604 0.00391693832 0.0124329729
v 0.00313219428 0.00359917106 0.0125668608
v 0.00403072359 -0.00389208971 0.0124262655
v 0.00403072359 -0.00389208971 0.0124262655
v 0.00313219428 0.00359917106 0.0125668608
v 0.00272097858 0.00307725789 0.012631204
v 0.00403072359 -0.00389208971 0.0124262655
v 0.00272097858 0.00307725789 0.012631204
v 0.00212675333 0.00278760912 0.0127241835
v -0.00039387861 0.0131477611 0.0131185921
v 0.000872996054 0.0119227516 0.0129203619
v 0.00179698726 0.0131477611 0.0127757825
v 0.00179918821 -0.000799994392 0.0127754388
v 0.00140399754 -0.000692825241 0.0128372749
v 0.000647380948 -0.00434636651 0.0129556637
v 0.00179918821 0.00080000289 0.0127754388
v 0.00219437899 0.000692818838 0.0127136018
v 0.00212675333 0.00278760912 0.0127241835
v 0.00495252898 -0.00317221461 0.0122820288
v 0.00608616183 0.00119242503 0.0121046472
v 0.00403072359 -0.00389208971 0.0124262655
v 0.00403072359 -0.00389208971 0.0124262655
v 0.00608616183 0.00119242503 0.0121046472
v 0.00563330483 0.00227807881 0.0121755069
v 0.00403072359 -0.00389208971 0.0124262655
v 0.00563330483 0.00227807881 0.0121755069
v 0.0049175052 0.00320749404 0.0122875096
v 0.00495252898 -0.00317221461 0.0122820288
v 0.0056580822 -0.00223481236 0.0121716298
v 0.00608616183 0.00119242503 0.0121046472
v 0.00608616183 0.00119242503 0.0121046472
v 0.0056580822 -0.00223481236 0.0121716298
v 0.00609899219 -0.00114413665 0.0121026393
v 0.00608616183 0.00119242503 0.0121046472
v 0.00609899219 -0.00114413665 0.0121026393
v 0.0062450273 2.50084013e-05 0.0120797893
v 0.000872996054 0.0119227516 0.0129203619
v 0.0014672213 0.0122123854 0.0128273824
v 0.00179698726 0.0131477611 0.0127757825
v 0.00179698726 0.0131477611 0.0127757825
v 0.0014672213 0.0122123854 0.0128273824
v 0.00212675333 0.0122123854 0.0127241835
v 0.00179698726 0.0131477611 0.0127757825
v 0.00212675333 0.0122123854 0.0127241835
v 0.0039878604 0.0131477611 0.0124329729
v 0.0039878604 0.0131477611 0.0124329729
v 0.00212675333 0.0122123854 0.0127241835
v 0.00272097858 0.0119227516 0.012631204
v 0.00272097858 0.0119227516 0.012631204
v 0.00313219428 0.0114008235 0.0125668608
v 0.0039878604 0.0131477611 0.0124329729
v 0.0039878604 0.0131477611 0.0124329729
v 0.00313219428 0.0114008235 0.0125668608
v 0.00327895815 0.0107500004 0.0125438962
v 0.0039878604 0.0131477611 0.0124329729
v 0.00327895815 0.0107500004 0.0125438962
v 0.0039878604 0.00391693832 0.0124329729
v 0.0039878604 0.00391693832 0.0124329729
v 0.00327895815 0.0107500004 0.0125438962
v 0.00327895815 0.00424999418 0.0125438962
v 0.0039878604 0.00391693832 0.0124329729
v 0.00327895815 0.00424999418 0.0125438962
v 0.00313219428 0.00359917106 0.0125668608
v 0.00111469498 -0.000400002522 0.0128825428
v -0.00135058223 -0.00317585049 0.0132682892
v 0.00140399754 -0.000692825241 0.0128372749
v 0.00140399754 -0.000692825241 0.0128372749
v -0.00135058223 -0.00317585049 0.0132682892
v -0.000427974825 -0.00389465271 0.0131239267
v 0.00140399754 -0.000692825241 0.0128372749
v -0.000427974825 -0.00389465271 0.0131239267
v 0.000647380948 -0.00434636651 0.0129556637
v 0.00140399754 0.000692818838 0.0128372749
v -0.00039387861 0.00391442003 0.0131185921
v -0.00132273545 0.00320390286 0.0132639324
v 0.00179918821 0.00080000289 0.0127754388
v 0.00212675333 0.00278760912 0.0127241835
v 0.00140399754 0.000692818838 0.0128372749
v 0.00403072359 -0.00389208971 0.0124262655
v 0.00219437899 -0.000692825241 0.0127136018
v 0.00295588328 -0.0043450254 0.0125944484
v 0.00295588328 -0.0043450254 0.0125944484
v 0.00219437899 -0.000692825241 0.0127136018
v 0.00179918821 -0.000799994392 0.0127754388
v 0.00295588328 -0.0043450254 0.0125944484
v 0.00179918821 -0.000799994392 0.0127754388
v 0.00180172047 -0.00449999748 0.0127750421
v 0.00180172047 -0.00449999748 0.0127750421
v 0.00179918821 -0.000799994392 0.0127754388
v 0.000647380948 -0.00434636651 0.0129556637
v 0.000461780379 0.0114008235 0.0129847052
v -0.00039387861 0.0131477611 0.0131185921
v 0.000315023848 0.0107500004 0.0130076688
v 0.000315023848 0.0107500004 0.0130076688
v -0.00039387861 0.0131477611 0.0131185921
v -0.00039387861 0.00391442003 0.0131185921
v 0.000315023848 0.0107500004 0.0130076688
v -0.00039387861 0.00391442003 0.0131185921
v 0.000315023848 0.00424999418 0.0130076688
v 0.00140399754 0.000692818838 0.0128372749
v -0.00132273545 0.00320390286 0.0132639324
v 0.00111469498 0.000399996119 0.0128825428
v 0.00212675333 0.00278760912 0.0127241835
v 0.0014672213 0.00278760912 0.0128273824
v 0.00140399754 0.000692818838 0.0128372749
v 0.00140399754 0.000692818838 0.0128372749
v 0.0014672213 0.00278760912 0.0128273824
v 0.000872996054 0.00307725789 0.0129203619
v 0.00140399754 0.000692818838 0.0128372749
v 0.000872996054 0.00307725789 0.0129203619
v -0.00039387861 0.00391442003 0.0131185921
v -0.00039387861 0.00391442003 0.0131185921
v 0.000872996054 0.00307725789 0.0129203619
v 0.000461780379 0.00359917106 0.0129847052
v -0.00039387861 0.00391442003 0.0131185921
v 0.000461780379 0.00359917106 0.0129847052
v 0.000315023848 0.00424999418 0.0130076688
v 0.00100880675 4.2531747e-09 0.012899111
v -0.0024993273 -0.00114908384 0.0134480363
v 0.00111469498 -0.000400002522 0.0128825428
v 0.00111469498 -0.000400002522 0.0128825428
v -0.0024993273 -0.00114908384 0.0134480363
v -0.00205718796 -0.00223925291 0.013378853
v 0.00111469498 -0.000400002522 0.0128825428
v -0.00205718796 -0.00223925291 0.013378853
v -0.00135058223 -0.00317585049 0.0132682892
v -0.00132273545 0.00320390286 0.0132639324
v -0.00203749002 0.00227365317 0.0133757712
v 0.00111469498 0.000399996119 0.0128825428
v 0.00111469498 0.000399996119 0.0128825428
v -0.00203749002 0.00227365317 0.0133757712
v -0.00248912489 0.00118749274 0.0134464391
v 0.00111469498 0.000399996119 0.0128825428
v -0.00248912489 0.00118749274 0.0134464391
v 0.00100880675 4.2531747e-09 0.012899111
v 0.00100880675 4.2531747e-09 0.012899111
v -0.00248912489 0.00118749274 0.0134464391
v -0.00264667277 1.98824018e-05 0.0134710912
v 0.00100880675 4.2531747e-09 0.012899111
v -0.00264667277 1.98824018e-05 0.0134710912
v -0.0024993273 -0.00114908384 0.0134480363
v 0.00219437899 0.000692818838 0.0127136018
v 0.00248368154 0.000399996119 0.0126683349
v 0.00212675333 0.00278760912 0.0127241835
v 0.00212675333 0.00278760912 0.0127241835
v 0.00248368154 0.000399996119 0.0126683349
v 0.00258956966 4.25310098e-09 0.0126517657
v 0.00212675333 0.00278760912 0.0127241835
v 0.00258956966 4.25310098e-09 0.0126517657
v 0.00403072359 -0.00389208971 0.0124262655
v 0.00403072359 -0.00389208971 0.0124262655
v 0.00258956966 4.25310098e-09 0.0126517657
v 0.00248368154 -0.000400002522 0.0126683349
v 0.00403072359 -0.00389208971 0.0124262655
v 0.00248368154 -0.000400002522 0.0126683349
v 0.00219437899 -0.000692825241 0.0127136018
v -0.00085765135 0.0174802877 0.010154658
v 0.00352408784 0.0174802877 0.00946903788
v -0.00085765135 0.00391442003 0.010154658
v -0.00085765135 0.00391442003 0.010154658
v 0.00352408784 0.0174802877 0.00946903788
v 0.00352408784 0.00391693832 0.00946903788
v -0.00085765135 0.00391442003 0.010154658
v 0.00352408784 0.00391693832 0.00946903788
v -0.00178650825 0.00320390286 0.0102999974
v 0.00201990874 0.000399996119 0.00970439985
v 0.00516953226 0.00227807881 0.00921157189
v 0.0056223888 0.00119242503 0.00914071314
v -0.00311044557 1.98824018e-05 0.0105071571
v -0.00295289769 0.00118749274 0.010482505
v 0.00352408784 0.00391693832 0.00946903788
v 0.00352408784 0.00391693832 0.00946903788
v -0.00295289769 0.00118749274 0.010482505
v -0.00250126282 0.00227365317 0.0104118371
v 0.00352408784 0.00391693832 0.00946903788
v -0.00250126282 0.00227365317 0.0104118371
v -0.00178650825 0.00320390286 0.0102999974
v 0.00201990874 0.000399996119 0.00970439985
v 0.0056223888 0.00119242503 0.00914071314
v 0.00212579709 4.25301039e-09 0.00968783163
v 0.00516953226 0.00227807881 0.00921157189
v 0.00201990874 0.000399996119 0.00970439985
v 0.00445373217 0.00320749404 0.0093235746
v 0.00445373217 0.00320749404 0.0093235746
v 0.00201990874 0.000399996119 0.00970439985
v 0.00173060619 0.000692818838 0.00974966772
v 0.00445373217 0.00320749404 0.0093235746
v 0.00173060619 0.000692818838 0.00974966772
v 0.00352408784 0.00391693832 0.00946903788
v 0.00173060619 0.000692818838 0.00974966772
v 0.00133541552 0.00080000289 0.00981150381
v 0.00352408784 0.00391693832 0.00946903788
v 0.00352408784 0.00391693832 0.00946903788
v 0.00133541552 0.00080000289 0.00981150381
v 0.000940224738 0.000692818838 0.00987334084
v 0.00352408784 0.00391693832 0.00946903788
v 0.000940224738 0.000692818838 0.00987334084
v -0.00311044557 1.98824018e-05 0.0105071571
v 0.000940224738 0.000692818838 0.00987334084
v 0.000650922186 0.000399996119 0.00991860777
v -0.00311044557 1.98824018e-05 0.0105071571
v -0.00311044557 1.98824018e-05 0.0105071571
v 0.000650922186 0.000399996119 0.00991860777
v 0.00054503401 4.25308411e-09 0.00993517693
v -0.00311044557 1.98824018e-05 0.0105071571
v 0.00054503401 4.25308411e-09 0.00993517693
v -0.00296310009 -0.00114908384 0.0104841013
v -0.00296310009 -0.00114908384 0.0104841013
v 0.00054503401 4.25308411e-09 0.00993517693
v 0.000650922186 -0.000400002522 0.00991860777
v 0.000940224738 -0.000692825241 0.00987334084
v -0.00181435503 -0.00317585049 0.0103043551
v 0.000650922186 -0.000400002522 0.00991860777
v 0.000650922186 -0.000400002522 0.00991860777
v -0.00181435503 -0.00317585049 0.0103043551
v -0.00252096076 -0.00223925291 0.0104149189
v 0.000650922186 -0.000400002522 0.00991860777
v -0.00252096076 -0.00223925291 0.0104149189
v -0.00296310009 -0.00114908384 0.0104841013
v 0.00133541552 -0.000799994392 0.00981150381
v 0.000183608208 -0.00434636651 0.00999172963
v 0.000940224738 -0.000692825241 0.00987334084
v 0.000940224738 -0.000692825241 0.00987334084
v 0.000183608208 -0.00434636651 0.00999172963
v -0.000891747593 -0.00389465271 0.0101599926
v 0.000940224738 -0.000692825241 0.00987334084
v -0.000891747593 -0.00389465271 0.0101599926
v -0.00181435503 -0.00317585049 0.0103043551
v 0.00173060619 -0.000692825241 0.00974966772
v 0.00201990874 -0.000400002522 0.00970439985
v 0.00448875595 -0.00317221461 0.0093180947
v 0.0056223888 0.00119242503 0.00914071314
v 0.00578125427 2.50084013e-05 0.00911585521
v 0.00212579709 4.25301039e-09 0.00968783163
v 0.00212579709 4.25301039e-09 0.00968783163
v 0.00578125427 2.50084013e-05 0.00911585521
v 0.00563521916 -0.00114413665 0.00913870521
v 0.00212579709 4.25301039e-09 0.00968783163
v 0.00563521916 -0.00114413665 0.00913870521
v 0.00201990874 -0.000400002522 0.00970439985
v 0.00201990874 -0.000400002522 0.00970439985
v 0.00563521916 -0.00114413665 0.00913870521
v 0.00519430917 -0.00223481236 0.00920769572
v 0.00201990874 -0.000400002522 0.00970439985
v 0.00519430917 -0.00223481236 0.00920769572
v 0.00448875595 -0.00317221461 0.0093180947
v 0.00448875595 -0.00317221461 0.0093180947
v 0.00356695103 -0.00389208971 0.00946233142
v 0.00173060619 -0.000692825241 0.00974966772
v 0.00173060619 -0.000692825241 0.00974966772
v 0.00356695103 -0.00389208971 0.00946233142
v 0.00249211048 -0.0043450254 0.00963051338
v 0.00173060619 -0.000692825241 0.00974966772
v 0.00249211048 -0.0043450254 0.00963051338
v 0.00133541552 -0.000799994392 0.00981150381
v 0.00133541552 -0.000799994392 0.00981150381
v 0.00249211048 -0.0043450254 0.00963051338
v 0.00133794767 -0.00449999748 0.009811108
v 0.00133541552 -0.000799994392 0.00981150381
v 0.00133794767 -0.00449999748 0.009811108
v 0.000183608208 -0.00434636651 0.00999172963
v 0.00226417184 0.0202302821 0.00141701649
v 0.00309896236 0.0202302821 0.00675209519
v -0.00211756746 0.0202302821 0.00210263603
v -0.00211756746 0.0202302821 0.00210263603
v 0.00309896236 0.0202302821 0.00675209519
v -0.00128277682 0.0202302821 0.00743771484
v 0.0038422884 0.031851057 0.0102089215
v 0.00380860409 0.0322284438 0.00999364909
v 0.00361525337 0.0321884491 0.0100516696
v 0.00361525337 0.0321884491 0.0100516696
v 0.00380860409 0.0322284438 0.00999364909
v -0.000766485813 0.0321884491 0.0107372897
v -0.000738893461 0.0297126658 0.01091363
v -0.000702810124 0.0305419452 0.0111442357
v -0.000911601121 0.0301474519 0.0111036273
v -0.000911601121 0.0301474519 0.0111036273
v -0.000934641634 0.0297379531 0.0109563777
v -0.000738893461 0.0297126658 0.01091363
v -0.000738893461 0.0297126658 0.01091363
v -0.000934641634 0.0297379531 0.0109563777
v -0.000968325767 0.0293605663 0.0107411044
v -0.000738893461 0.0297126658 0.01091363
v -0.000968325767 0.0293605663 0.0107411044
v -0.000816350395 0.0290118493 0.0104186088
v -0.000968325767 0.0293605663 0.0107411044
v -0.00101162854 0.0290267356 0.01046436
v -0.000816350395 0.0290118493 0.0104186088
v -0.000816350395 0.0290118493 0.0104186088
v -0.00101162854 0.0290267356 0.01046436
v -0.00106323464 0.0287466235 0.0101345498
v -0.000816350395 0.0290118493 0.0104186088
v -0.00106323464 0.0287466235 0.0101345498
v -0.000925984932 0.0285227187 0.00971794315
v -0.00106323464 0.0287466235 0.0101345498
v -0.00112157757 0.0285287388 0.00976168551
v -0.000925984932 0.0285227187 0.00971794315
v -0.000925984932 0.0285227187 0.00971794315
v -0.00112157757 0.0285287388 0.00976168551
v -0.00118488236 0.0283796825 0.00935710873
v -0.000925984932 0.0285227187 0.00971794315
v -0.00118488236 0.0283796825 0.00935710873
v -0.00105477602 0.0283033736 0.00889484957
v -0.00118488236 0.0283796825 0.00935710873
v -0.00125122559 0.0283040144 0.00893311482
v -0.00105477602 0.0283033736 0.00889484957
v -0.00105477602 0.0283033736 0.00889484957
v -0.00125122559 0.0283040144 0.00893311482
v -0.00131859281 0.0283040144 0.0085025765
v -0.00105477602 0.0283033736 0.00889484957
v -0.00131859281 0.0283040144 0.0085025765
v -0.00118743151 0.0283798464 0.00804705918
v -0.00118743151 0.0283798464 0.00804705918
v -0.00131859281 0.0283040144 0.0085025765
v -0.0013849372 0.0283796825 0.0080785742
v -0.00118743151 0.0283798464 0.00804705918
v -0.0013849372 0.0283796825 0.0080785742
v -0.00130819692 0.0287430622 0.00727525726
v -0.0013849372 0.0283796825 0.0080785742
v -0.00144824211 0.0285287388 0.00767399836
v -0.00130819692 0.0287430622 0.00727525726
v -0.00130819692 0.0287430622 0.00727525726
v -0.00144824211 0.0285287388 0.00767399836
v -0.00150658388 0.0287466235 0.00730114104
v -0.00130819692 0.0287430622 0.00727525726
v -0.00150658388 0.0287466235 0.00730114104
v -0.00140273268 0.0293498971 0.00667108735
v -0.00150658388 0.0287466235 0.00730114104
v -0.00155818986 0.0290267356 0.00697133085
v -0.00140273268 0.0293498971 0.00667108735
v -0.00140273268 0.0293498971 0.00667108735
v -0.00155818986 0.0290267356 0.00697133085
v -0.0016014938 0.0293605663 0.00669457903
v -0.00140273268 0.0293498971 0.00667108735
v -0.0016014938 0.0293605663 0.00669457903
v -0.00145981088 0.0301282592 0.00630630506
v -0.0016014938 0.0293605663 0.00669457903
v -0.00163517683 0.0297379531 0.00647931313
v -0.00145981088 0.0301282592 0.00630630506
v -0.00145981088 0.0301282592 0.00630630506
v -0.00163517683 0.0297379531 0.00647931313
v -0.00165821845 0.0301474519 0.00633205613
v -0.00145981088 0.0301282592 0.00630630506
v -0.00165821845 0.0301474519 0.00633205613
v -0.00147265568 0.0309857465 0.00622421503
v -0.00165821845 0.0301474519 0.00633205613
v -0.00166991609 0.0305766203 0.00625729794
v -0.00147265568 0.0309857465 0.00622421503
v -0.00147265568 0.0309857465 0.00622421503
v -0.00166991609 0.0305766203 0.00625729794
v -0.00166991609 0.0310123898 0.00625729794
v -0.00147265568 0.0309857465 0.00622421503
v -0.00166991609 0.0310123898 0.00625729794
v -0.00143973972 0.0318205245 0.00643457798
v 0.0030167657 0.0325334705 0.00622678408
v 0.00321873999 0.0325622745 0.0062238751
v 0.00317543605 0.0322284438 0.00594712282
v 0.0030167657 0.0325334705 0.00622678408
v 0.00317543605 0.0322284438 0.00594712282
v 0.00294199935 0.0318205245 0.00574895833
v -0.00166991609 0.0310123898 0.00625729794
v -0.00165821845 0.0314415582 0.00633205613
v -0.00143973972 0.0318205245 0.00643457798
v -0.00143973972 0.0318205245 0.00643457798
v -0.00165821845 0.0314415582 0.00633205613
v -0.00163517683 0.031851057 0.00647931313
v -0.00143973972 0.0318205245 0.00643457798
v -0.00163517683 0.031851057 0.00647931313
v -0.00136497337 0.0325334705 0.00691240327
v -0.00136497337 0.0325334705 0.00691240327
v -0.00163517683 0.031851057 0.00647931313
v -0.0016014938 0.0322284438 0.00669457903
v -0.00136497337 0.0325334705 0.00691240327
v -0.0016014938 0.0322284438 0.00669457903
v -0.00155818986 0.0325622745 0.00697133085
v 0.00317543605 0.0322284438 0.00594712282
v 0.00314175314 0.031851057 0.00573185738
v 0.00294199935 0.0318205245 0.00574895833
v 0.00294199935 0.0318205245 0.00574895833
v 0.00314175314 0.031851057 0.00573185738
v 0.00311871152 0.0314415582 0.00558460038
v 0.00294199935 0.0318205245 0.00574895833
v 0.00311871152 0.0314415582 0.00558460038
v 0.00290908362 0.0309857465 0.00553859537
v 0.00311871152 0.0314415582 0.00558460038
v 0.00310701388 0.0310123898 0.00550984219
v 0.00290908362 0.0309857465 0.00553859537
v 0.00290908362 0.0309857465 0.00553859537
v 0.00310701388 0.0310123898 0.00550984219
v 0.00310701388 0.0305766203 0.00550984219
v 0.00290908362 0.0309857465 0.00553859537
v 0.00310701388 0.0305766203 0.00550984219
v 0.00292192842 0.0301282592 0.00562068541
v 0.00310701388 0.0305766203 0.00550984219
v 0.00311871152 0.0301474519 0.00558460038
v 0.00292192842 0.0301282592 0.00562068541
v 0.00292192842 0.0301282592 0.00562068541
v 0.00311871152 0.0301474519 0.00558460038
v 0.00314175314 0.0297379531 0.00573185738
v 0.00292192842 0.0301282592 0.00562068541
v 0.00314175314 0.0297379531 0.00573185738
v 0.00297900662 0.0293498971 0.00598546769
v 0.00314175314 0.0297379531 0.00573185738
v 0.00317543605 0.0293605663 0.00594712282
v 0.00297900662 0.0293498971 0.00598546769
v 0.00297900662 0.0293498971 0.00598546769
v 0.00317543605 0.0293605663 0.00594712282
v 0.00321873999 0.0290267356 0.0062238751
v 0.00297900662 0.0293498971 0.00598546769
v 0.00321873999 0.0290267356 0.0062238751
v 0.00307354215 0.0287430622 0.0065896376
v 0.00321873999 0.0290267356 0.0062238751
v 0.00327034621 0.0287466235 0.00655368529
v 0.00307354215 0.0287430622 0.0065896376
v 0.00307354215 0.0287430622 0.0065896376
v 0.00327034621 0.0287466235 0.00655368529
v 0.00332868798 0.0285287388 0.00692654261
v 0.00307354215 0.0287430622 0.0065896376
v 0.00332868798 0.0285287388 0.00692654261
v 0.00319430768 0.0283798464 0.00736143999
v 0.00319430768 0.0283798464 0.00736143999
v 0.00332868798 0.0285287388 0.00692654261
v 0.00339199277 0.0283796825 0.00733111892
v 0.00319430768 0.0283798464 0.00736143999
v 0.00339199277 0.0283796825 0.00733111892
v 0.00332696317 0.0283033736 0.00820923038
v 0.00339199277 0.0283796825 0.00733111892
v 0.00345833716 0.0283040144 0.00775512028
v 0.00332696317 0.0283033736 0.00820923038
v 0.00332696317 0.0283033736 0.00820923038
v 0.00345833716 0.0283040144 0.00775512028
v 0.00352570438 0.0283040144 0.0081856586
v 0.00332696317 0.0283033736 0.00820923038
v 0.00352570438 0.0283040144 0.0081856586
v 0.00345575437 0.0285227187 0.00903232396
v 0.00352570438 0.0283040144 0.0081856586
v 0.00359204761 0.0283796825 0.00860965345
v 0.00345575437 0.0285227187 0.00903232396
v 0.00345575437 0.0285227187 0.00903232396
v 0.00359204761 0.0283796825 0.00860965345
v 0.0036553524 0.0285287388 0.00901422929
v 0.00345575437 0.0285227187 0.00903232396
v 0.0036553524 0.0285287388 0.00901422929
v 0.00356538873 0.0290118493 0.00973298959
v 0.0036553524 0.0285287388 0.00901422929
v 0.00371369533 0.0287466235 0.00938709453
v 0.00356538873 0.0290118493 0.00973298959
v 0.00356538873 0.0290118493 0.00973298959
v 0.00371369533 0.0287466235 0.00938709453
v 0.00376530131 0.0290267356 0.00971690472
v 0.00356538873 0.0290118493 0.00973298959
v 0.00376530131 0.0290267356 0.00971690472
v 0.00364284567 0.0297126658 0.0102280099
v 0.00376530131 0.0290267356 0.00971690472
v 0.00380860409 0.0293605663 0.00999364909
v 0.00364284567 0.0297126658 0.0102280099
v 0.00364284567 0.0297126658 0.0102280099
v 0.00380860409 0.0293605663 0.00999364909
v 0.0038422884 0.0297379531 0.0102089215
v 0.00364284567 0.0297126658 0.0102280099
v 0.0038422884 0.0297379531 0.0102089215
v 0.00367892906 0.0305419452 0.0104586165
v 0.0038422884 0.031851057 0.0102089215
v 0.00361525337 0.0321884491 0.0100516696
v 0.00386532885 0.0314415582 0.010356172
v 0.00386532885 0.0314415582 0.010356172
v 0.00361525337 0.0321884491 0.0100516696
v 0.00366773712 0.0314415582 0.0103870891
v 0.00386532885 0.0314415582 0.010356172
v 0.00366773712 0.0314415582 0.0103870891
v 0.00366935181 0.0314012207 0.0103974091
v 0.0038422884 0.0297379531 0.0102089215
v 0.00386532885 0.0301474519 0.010356172
v 0.00367892906 0.0305419452 0.0104586165
v 0.00367892906 0.0305419452 0.0104586165
v 0.00386532885 0.0301474519 0.010356172
v 0.00387702766 0.0305766203 0.0104309376
v 0.00367892906 0.0305419452 0.0104586165
v 0.00387702766 0.0305766203 0.0104309376
v 0.00366935181 0.0314012207 0.0103974091
v 0.00366935181 0.0314012207 0.0103974091
v 0.00387702766 0.0305766203 0.0104309376
v 0.00387702766 0.0310123898 0.0104309376
v 0.00366935181 0.0314012207 0.0103974091
v 0.00387702766 0.0310123898 0.0104309376
v 0.00386532885 0.0314415582 0.010356172
v 0.0030167657 0.0325334705 0.00622678408
v -0.00136497337 0.0325334705 0.00691240327
v 0.00321873999 0.0325622745 0.0062238751
v 0.00321873999 0.0325622745 0.0062238751
v -0.00136497337 0.0325334705 0.00691240327
v -0.00155818986 0.0325622745 0.00697133085
v 0.00321873999 0.0325622745 0.0062238751
v -0.00155818986 0.0325622745 0.00697133085
v 0.00327034621 0.0328423865 0.00655368529
v 0.00327034621 0.0328423865 0.00655368529
v -0.00155818986 0.0325622745 0.00697133085
v -0.00150658388 0.0328423865 0.00730114104
v 0.00327034621 0.0328423865 0.00655368529
v -0.00150658388 0.0328423865 0.00730114104
v 0.00332868798 0.0330602713 0.00692654261
v 0.00332868798 0.0330602713 0.00692654261
v -0.00150658388 0.0328423865 0.00730114104
v -0.00144824211 0.0330602713 0.00767399836
v 0.00332868798 0.0330602713 0.00692654261
v -0.00144824211 0.0330602713 0.00767399836
v 0.00339199277 0.0332093127 0.00733111892
v 0.00339199277 0.0332093127 0.00733111892
v -0.00144824211 0.0330602713 0.00767399836
v -0.0013849372 0.0332093127 0.0080785742
v 0.00339199277 0.0332093127 0.00733111892
v -0.0013849372 0.0332093127 0.0080785742
v 0.00345833716 0.0332849957 0.00775512028
v 0.00345833716 0.0332849957 0.00775512028
v -0.0013849372 0.0332093127 0.0080785742
v -0.00131859281 0.0332849957 0.0085025765
v 0.00345833716 0.0332849957 0.00775512028
v -0.00131859281 0.0332849957 0.0085025765
v 0.00352570438 0.0332849957 0.0081856586
v 0.00352570438 0.0332849957 0.0081856586
v -0.00131859281 0.0332849957 0.0085025765
v -0.00125122559 0.0332849957 0.00893311482
v 0.00352570438 0.0332849957 0.0081856586
v -0.00125122559 0.0332849957 0.00893311482
v 0.00359204761 0.0332093127 0.00860965345
v 0.00359204761 0.0332093127 0.00860965345
v -0.00125122559 0.0332849957 0.00893311482
v -0.00118488236 0.0332093127 0.00935710873
v 0.00359204761 0.0332093127 0.00860965345
v -0.00118488236 0.0332093127 0.00935710873
v 0.0036553524 0.0330602713 0.00901422929
v 0.0036553524 0.0330602713 0.00901422929
v -0.00118488236 0.0332093127 0.00935710873
v -0.00112157757 0.0330602713 0.00976168551
v 0.0036553524 0.0330602713 0.00901422929
v -0.00112157757 0.0330602713 0.00976168551
v 0.00371369533 0.0328423865 0.00938709453
v 0.00371369533 0.0328423865 0.00938709453
v -0.00112157757 0.0330602713 0.00976168551
v -0.00106323464 0.0328423865 0.0101345498
v 0.00371369533 0.0328423865 0.00938709453
v -0.00106323464 0.0328423865 0.0101345498
v 0.00376530131 0.0325622745 0.00971690472
v 0.00376530131 0.0325622745 0.00971690472
v -0.00106323464 0.0328423865 0.0101345498
v -0.00101162854 0.0325622745 0.01046436
v 0.00376530131 0.0325622745 0.00971690472
v -0.00101162854 0.0325622745 0.01046436
v 0.00380860409 0.0322284438 0.00999364909
v 0.00380860409 0.0322284438 0.00999364909
v -0.00101162854 0.0325622745 0.01046436
v -0.000968325767 0.0322284438 0.0107411044
v 0.00380860409 0.0322284438 0.00999364909
v -0.000968325767 0.0322284438 0.0107411044
v -0.000766485813 0.0321884491 0.0107372897
v -0.000766485813 0.0321884491 0.0107372897
v -0.000968325767 0.0322284438 0.0107411044
v -0.000934641634 0.031851057 0.0109563777
v -0.000766485813 0.0321884491 0.0107372897
v -0.000934641634 0.031851057 0.0109563777
v -0.000714002061 0.0314415582 0.0110727083
v -0.000714002061 0.0314415582 0.0110727083
v -0.000934641634 0.031851057 0.0109563777
v -0.000911601121 0.0314415582 0.0111036273
v -0.000714002061 0.0314415582 0.0110727083
v -0.000911601121 0.0314415582 0.0111036273
v -0.000712387264 0.0314012207 0.0110830292
v -0.000712387264 0.0314012207 0.0110830292
v -0.000911601121 0.0314415582 0.0111036273
v -0.00089990237 0.0310123898 0.0111783929
v -0.000712387264 0.0314012207 0.0110830292
v -0.00089990237 0.0310123898 0.0111783929
v -0.000702810124 0.0305419452 0.0111442357
v -0.000702810124 0.0305419452 0.0111442357
v -0.00089990237 0.0310123898 0.0111783929
v -0.00089990237 0.0305766203 0.0111783929
v -0.000702810124 0.0305419452 0.0111442357
v -0.00089990237 0.0305766203 0.0111783929
v -0.000911601121 0.0301474519 0.0111036273
v 0.00376530131 0.0290267356 0.00971690472
v 0.00371369533 0.0287466235 0.00938709453
v 0.00366778369 0.0298160799 0.00909367669
v 0.00366778369 0.0298160799 0.00909367669
v 0.00371369533 0.0287466235 0.00938709453
v 0.00358474976 0.0294196643 0.00856301375
v 0.00387702766 0.0310123898 0.0104309376
v 0.00387702766 0.0305766203 0.0104309376
v 0.00371986418 0.0310733654 0.00942651927
v 0.00371986418 0.0310733654 0.00942651927
v 0.00387702766 0.0305766203 0.0104309376
v 0.00371600571 0.0304062702 0.00940186065
v 0.00317543605 0.0322284438 0.00594712282
v 0.00321873999 0.0325622745 0.0062238751
v 0.00331625668 0.0317729302 0.00684709521
v 0.00331625668 0.0317729302 0.00684709521
v 0.00321873999 0.0325622745 0.0062238751
v 0.00327034621 0.0328423865 0.00655368529
v 0.00331625668 0.0317729302 0.00684709521
v 0.00327034621 0.0328423865 0.00655368529
v 0.00339929038 0.0321693458 0.00737775816
v 0.00367859565 0.0316852368 0.00916277431
v 0.0038422884 0.031851057 0.0102089215
v 0.00371986418 0.0310733654 0.00942651927
v 0.00371986418 0.0310733654 0.00942651927
v 0.0038422884 0.031851057 0.0102089215
v 0.00386532885 0.0314415582 0.010356172
v 0.00371986418 0.0310733654 0.00942651927
v 0.00386532885 0.0314415582 0.010356172
v 0.00387702766 0.0310123898 0.0104309376
v 0.0036553524 0.0330602713 0.00901422929
v 0.00371369533 0.0328423865 0.00938709453
v 0.00360037386 0.0321206786 0.00866286643
v 0.00360037386 0.0321206786 0.00866286643
v 0.00371369533 0.0328423865 0.00938709453
v 0.00376530131 0.0325622745 0.00971690472
v 0.00360037386 0.0321206786 0.00866286643
v 0.00376530131 0.0325622745 0.00971690472
v 0.00367859565 0.0316852368 0.00916277431
v 0.00367859565 0.0316852368 0.00916277431
v 0.00376530131 0.0325622745 0.00971690472
v 0.00380860409 0.0322284438 0.00999364909
v 0.00367859565 0.0316852368 0.00916277431
v 0.00380860409 0.0322284438 0.00999364909
v 0.0038422884 0.031851057 0.0102089215
v 0.0036553524 0.0330602713 0.00901422929
v 0.00360037386 0.0321206786 0.00866286643
v 0.00359204761 0.0332093127 0.00860965345
v 0.00359204761 0.0332093127 0.00860965345
v 0.00360037386 0.0321206786 0.00866286643
v 0.00350069092 0.0322934575 0.00802579988
v 0.00359204761 0.0332093127 0.00860965345
v 0.00350069092 0.0322934575 0.00802579988
v 0.00352570438 0.0332849957 0.0081856586
v 0.00332868798 0.0285287388 0.00692654261
v 0.00338366744 0.0294683315 0.00727791339
v 0.00339199277 0.0283796825 0.00733111892
v 0.00339199277 0.0283796825 0.00733111892
v 0.00338366744 0.0294683315 0.00727791339
v 0.00348334946 0.0292955525 0.00791497249
v 0.00339199277 0.0283796825 0.00733111892
v 0.00348334946 0.0292955525 0.00791497249
v 0.00345833716 0.0283040144 0.00775512028
v 0.00387702766 0.0305766203 0.0104309376
v 0.00386532885 0.0301474519 0.010356172
v 0.00371600571 0.0304062702 0.00940186065
v 0.00371600571 0.0304062702 0.00940186065
v 0.00386532885 0.0301474519 0.010356172
v 0.0038422884 0.0297379531 0.0102089215
v 0.00371600571 0.0304062702 0.00940186065
v 0.0038422884 0.0297379531 0.0102089215
v 0.00366778369 0.0298160799 0.00909367669
v 0.00366778369 0.0298160799 0.00909367669
v 0.0038422884 0.0297379531 0.0102089215
v 0.00380860409 0.0293605663 0.00999364909
v 0.00366778369 0.0298160799 0.00909367669
v 0.00380860409 0.0293605663 0.00999364909
v 0.00376530131 0.0290267356 0.00971690472
v 0.00327034621 0.0328423865 0.00655368529
v 0.00332868798 0.0330602713 0.00692654261
v 0.00339929038 0.0321693458 0.00737775816
v 0.00339929038 0.0321693458 0.00737775816
v 0.00332868798 0.0330602713 0.00692654261
v 0.00339199277 0.0332093127 0.00733111892
v 0.00339929038 0.0321693458 0.00737775816
v 0.00339199277 0.0332093127 0.00733111892
v 0.00350069092 0.0322934575 0.00802579988
v 0.00350069092 0.0322934575 0.00802579988
v 0.00339199277 0.0332093127 0.00733111892
v 0.00345833716 0.0332849957 0.00775512028
v 0.00350069092 0.0322934575 0.00802579988
v 0.00345833716 0.0332849957 0.00775512028
v 0.00352570438 0.0332849957 0.0081856586
v 0.00317543605 0.0322284438 0.00594712282
v 0.00331625668 0.0317729302 0.00684709521
v 0.00314175314 0.031851057 0.00573185738
v 0.00314175314 0.031851057 0.00573185738
v 0.00331625668 0.0317729302 0.00684709521
v 0.00326803559 0.0311827399 0.00653891917
v 0.00314175314 0.031851057 0.00573185738
v 0.00326803559 0.0311827399 0.00653891917
v 0.00311871152 0.0314415582 0.00558460038
v 0.00311871152 0.0314415582 0.00558460038
v 0.00326803559 0.0311827399 0.00653891917
v 0.00310701388 0.0310123898 0.00550984219
v 0.00310701388 0.0310123898 0.00550984219
v 0.00326803559 0.0311827399 0.00653891917
v 0.00326417596 0.0305156298 0.00651425216
v 0.00310701388 0.0310123898 0.00550984219
v 0.00326417596 0.0305156298 0.00651425216
v 0.00310701388 0.0305766203 0.00550984219
v 0.00330544473 0.0299037732 0.00677799759
v 0.00314175314 0.0297379531 0.00573185738
v 0.00326417596 0.0305156298 0.00651425216
v 0.00326417596 0.0305156298 0.00651425216
v 0.00314175314 0.0297379531 0.00573185738
v 0.00311871152 0.0301474519 0.00558460038
v 0.00326417596 0.0305156298 0.00651425216
v 0.00311871152 0.0301474519 0.00558460038
v 0.00310701388 0.0305766203 0.00550984219
v 0.00332868798 0.0285287388 0.00692654261
v 0.00327034621 0.0287466235 0.00655368529
v 0.00338366744 0.0294683315 0.00727791339
v 0.00338366744 0.0294683315 0.00727791339
v 0.00327034621 0.0287466235 0.00655368529
v 0.00321873999 0.0290267356 0.0062238751
v 0.00338366744 0.0294683315 0.00727791339
v 0.00321873999 0.0290267356 0.0062238751
v 0.00330544473 0.0299037732 0.00677799759
v 0.00330544473 0.0299037732 0.00677799759
v 0.00321873999 0.0290267356 0.0062238751
v 0.00317543605 0.0293605663 0.00594712282
v 0.00330544473 0.0299037732 0.00677799759
v 0.00317543605 0.0293605663 0.00594712282
v 0.00314175314 0.0297379531 0.00573185738
v 0.00371369533 0.0287466235 0.00938709453
v 0.0036553524 0.0285287388 0.00901422929
v 0.00358474976 0.0294196643 0.00856301375
v 0.00358474976 0.0294196643 0.00856301375
v 0.0036553524 0.0285287388 0.00901422929
v 0.00359204761 0.0283796825 0.00860965345
v 0.00358474976 0.0294196643 0.00856301375
v 0.00359204761 0.0283796825 0.00860965345
v 0.00348334946 0.0292955525 0.00791497249
v 0.00348334946 0.0292955525 0.00791497249
v 0.00359204761 0.0283796825 0.00860965345
v 0.00352570438 0.0283040144 0.0081856586
v 0.00348334946 0.0292955525 0.00791497249
v 0.00352570438 0.0283040144 0.0081856586
v 0.00345833716 0.0283040144 0.00775512028
v -0.00166991609 0.0305766203 0.00625729794
v -0.00165821845 0.0301474519 0.00633205613
v -0.00151275401 0.0305156298 0.00726170838
v -0.00151275401 0.0305156298 0.00726170838
v -0.00165821845 0.0301474519 0.00633205613
v -0.00163517683 0.0297379531 0.00647931313
v -0.00151275401 0.0305156298 0.00726170838
v -0.00163517683 0.0297379531 0.00647931313
v -0.00147148524 0.0299037732 0.00752545334
v -0.00166991609 0.0305766203 0.00625729794
v -0.00151275401 0.0305156298 0.00726170838
v -0.00166991609 0.0310123898 0.00625729794
v -0.00166991609 0.0310123898 0.00625729794
v -0.00151275401 0.0305156298 0.00726170838
v -0.00150889438 0.0311827399 0.00728637492
v -0.00166991609 0.0310123898 0.00625729794
v -0.00150889438 0.0311827399 0.00728637492
v -0.00165821845 0.0314415582 0.00633205613
v -0.00165821845 0.0314415582 0.00633205613
v -0.00150889438 0.0311827399 0.00728637492
v -0.00163517683 0.031851057 0.00647931313
v -0.00163517683 0.031851057 0.00647931313
v -0.00150889438 0.0311827399 0.00728637492
v -0.0014606734 0.0317729302 0.00759455096
v -0.00163517683 0.031851057 0.00647931313
v -0.0014606734 0.0317729302 0.00759455096
v -0.0016014938 0.0322284438 0.00669457903
v -0.00137763948 0.0321693458 0.00812521391
v -0.00150658388 0.0328423865 0.00730114104
v -0.0014606734 0.0317729302 0.00759455096
v -0.0014606734 0.0317729302 0.00759455096
v -0.00150658388 0.0328423865 0.00730114104
v -0.00155818986 0.0325622745 0.00697133085
v -0.0014606734 0.0317729302 0.00759455096
v -0.00155818986 0.0325622745 0.00697133085
v -0.0016014938 0.0322284438 0.00669457903
v -0.00125122559 0.0332849957 0.00893311482
v -0.00127623917 0.0322934575 0.00877325516
v -0.00118488236 0.0332093127 0.00935710873
v -0.00118488236 0.0332093127 0.00935710873
v -0.00127623917 0.0322934575 0.00877325516
v -0.00117655611 0.0321206786 0.00941032171
v -0.00118488236 0.0332093127 0.00935710873
v -0.00117655611 0.0321206786 0.00941032171
v -0.00112157757 0.0330602713 0.00976168551
v -0.00131859281 0.0283040144 0.0085025765
v -0.00125122559 0.0283040144 0.00893311482
v -0.00129358051 0.0292955525 0.00866242778
v -0.00129358051 0.0292955525 0.00866242778
v -0.00125122559 0.0283040144 0.00893311482
v -0.00118488236 0.0283796825 0.00935710873
v -0.00129358051 0.0292955525 0.00866242778
v -0.00118488236 0.0283796825 0.00935710873
v -0.00119218009 0.0294196643 0.00931046996
v -0.00131859281 0.0283040144 0.0085025765
v -0.00129358051 0.0292955525 0.00866242778
v -0.0013849372 0.0283796825 0.0080785742
v -0.0013849372 0.0283796825 0.0080785742
v -0.00129358051 0.0292955525 0.00866242778
v -0.00139326241 0.0294683315 0.00802536961
v -0.0013849372 0.0283796825 0.0080785742
v -0.00139326241 0.0294683315 0.00802536961
v -0.00144824211 0.0285287388 0.00767399836
v -0.00163517683 0.0297379531 0.00647931313
v -0.0016014938 0.0293605663 0.00669457903
v -0.00147148524 0.0299037732 0.00752545334
v -0.00147148524 0.0299037732 0.00752545334
v -0.0016014938 0.0293605663 0.00669457903
v -0.00155818986 0.0290267356 0.00697133085
v -0.00147148524 0.0299037732 0.00752545334
v -0.00155818986 0.0290267356 0.00697133085
v -0.00139326241 0.0294683315 0.00802536961
v -0.00139326241 0.0294683315 0.00802536961
v -0.00155818986 0.0290267356 0.00697133085
v -0.00150658388 0.0287466235 0.00730114104
v -0.00139326241 0.0294683315 0.00802536961
v -0.00150658388 0.0287466235 0.00730114104
v -0.00144824211 0.0285287388 0.00767399836
v -0.00125122559 0.0332849957 0.00893311482
v -0.00131859281 0.0332849957 0.0085025765
v -0.00127623917 0.0322934575 0.00877325516
v -0.00127623917 0.0322934575 0.00877325516
v -0.00131859281 0.0332849957 0.0085025765
v -0.0013849372 0.0332093127 0.0080785742
v -0.00127623917 0.0322934575 0.00877325516
v -0.0013849372 0.0332093127 0.0080785742
v -0.00137763948 0.0321693458 0.00812521391
v -0.00137763948 0.0321693458 0.00812521391
v -0.0013849372 0.0332093127 0.0080785742
v -0.00144824211 0.0330602713 0.00767399836
v -0.00137763948 0.0321693458 0.00812521391
v -0.00144824211 0.0330602713 0.00767399836
v -0.00150658388 0.0328423865 0.00730114104
v -0.00112157757 0.0330602713 0.00976168551
v -0.00117655611 0.0321206786 0.00941032171
v -0.00106323464 0.0328423865 0.0101345498
v -0.00106323464 0.0328423865 0.0101345498
v -0.00117655611 0.0321206786 0.00941032171
v -0.00109833432 0.0316852368 0.00991023052
v -0.00106323464 0.0328423865 0.0101345498
v -0.00109833432 0.0316852368 0.00991023052
v -0.00101162854 0.0325622745 0.01046436
v -0.00105706567 0.0310733654 0.0101739755
v -0.000934641634 0.031851057 0.0109563777
v -0.00109833432 0.0316852368 0.00991023052
v -0.00109833432 0.0316852368 0.00991023052
v -0.000934641634 0.031851057 0.0109563777
v -0.000968325767 0.0322284438 0.0107411044
v -0.00109833432 0.0316852368 0.00991023052
v -0.000968325767 0.0322284438 0.0107411044
v -0.00101162854 0.0325622745 0.01046436
v -0.000911601121 0.0301474519 0.0111036273
v -0.00106092414 0.0304062702 0.0101493159
v -0.000934641634 0.0297379531 0.0109563777
v -0.000934641634 0.0297379531 0.0109563777
v -0.00106092414 0.0304062702 0.0101493159
v -0.00110914628 0.0298160799 0.00984113291
v -0.000934641634 0.0297379531 0.0109563777
v -0.00110914628 0.0298160799 0.00984113291
v -0.000968325767 0.0293605663 0.0107411044
v -0.00118488236 0.0283796825 0.00935710873
v -0.00112157757 0.0285287388 0.00976168551
v -0.00119218009 0.0294196643 0.00931046996
v -0.00119218009 0.0294196643 0.00931046996
v -0.00112157757 0.0285287388 0.00976168551
v -0.00106323464 0.0287466235 0.0101345498
v -0.00119218009 0.0294196643 0.00931046996
v -0.00106323464 0.0287466235 0.0101345498
v -0.00110914628 0.0298160799 0.00984113291
v -0.00110914628 0.0298160799 0.00984113291
v -0.00106323464 0.0287466235 0.0101345498
v -0.00101162854 0.0290267356 0.01046436
v -0.00110914628 0.0298160799 0.00984113291
v -0.00101162854 0.0290267356 0.01046436
v -0.000968325767 0.0293605663 0.0107411044
v -0.000911601121 0.0301474519 0.0111036273
v -0.00089990237 0.0305766203 0.0111783929
v -0.00106092414 0.0304062702 0.0101493159
v -0.00106092414 0.0304062702 0.0101493159
v -0.00089990237 0.0305766203 0.0111783929
v -0.00089990237 0.0310123898 0.0111783929
v -0.00106092414 0.0304062702 0.0101493159
v -0.00089990237 0.0310123898 0.0111783929
v -0.00105706567 0.0310733654 0.0101739755
v -0.00105706567 0.0310733654 0.0101739755
v -0.00089990237 0.0310123898 0.0111783929
v -0.000911601121 0.0314415582 0.0111036273
v -0.00105706567 0.0310733654 0.0101739755
v -0.000911601121 0.0314415582 0.0111036273
v -0.000934641634 0.031851057 0.0109563777
v -0.00150889438 0.0311827399 0.00728637492
v 0.00326803559 0.0311827399 0.00653891917
v -0.0014606734 0.0317729302 0.00759455096
v -0.0014606734 0.0317729302 0.00759455096
v 0.00326803559 0.0311827399 0.00653891917
v 0.00331625668 0.0317729302 0.00684709521
v -0.0014606734 0.0317729302 0.00759455096
v 0.00331625668 0.0317729302 0.00684709521
v -0.00137763948 0.0321693458 0.00812521391
v -0.00137763948 0.0321693458 0.00812521391
v 0.00331625668 0.0317729302 0.00684709521
v 0.00339929038 0.0321693458 0.00737775816
v -0.00137763948 0.0321693458 0.00812521391
v 0.00339929038 0.0321693458 0.00737775816
v -0.00127623917 0.0322934575 0.00877325516
v -0.00127623917 0.0322934575 0.00877325516
v 0.00339929038 0.0321693458 0.00737775816
v 0.00350069092 0.0322934575 0.00802579988
v -0.00127623917 0.0322934575 0.00877325516
v 0.00350069092 0.0322934575 0.00802579988
v -0.00117655611 0.0321206786 0.00941032171
v -0.00117655611 0.0321206786 0.00941032171
v 0.00350069092 0.0322934575 0.00802579988
v 0.00360037386 0.0321206786 0.00866286643
v -0.00117655611 0.0321206786 0.00941032171
v 0.00360037386 0.0321206786 0.00866286643
v -0.00109833432 0.0316852368 0.00991023052
v -0.00109833432 0.0316852368 0.00991023052
v 0.00360037386 0.0321206786 0.00866286643
v 0.00367859565 0.0316852368 0.00916277431
v -0.00109833432 0.0316852368 0.00991023052
v 0.00367859565 0.0316852368 0.00916277431
v -0.00105706567 0.0310733654 0.0101739755
v -0.00105706567 0.0310733654 0.0101739755
v 0.00367859565 0.0316852368 0.00916277431
v 0.00371986418 0.0310733654 0.00942651927
v -0.00105706567 0.0310733654 0.0101739755
v 0.00371986418 0.0310733654 0.00942651927
v -0.00106092414 0.0304062702 0.0101493159
v -0.00106092414 0.0304062702 0.0101493159
v 0.00371986418 0.0310733654 0.00942651927
v 0.00371600571 0.0304062702 0.00940186065
v -0.00106092414 0.0304062702 0.0101493159
v 0.00371600571 0.0304062702 0.00940186065
v -0.00110914628 0.0298160799 0.00984113291
v -0.00110914628 0.0298160799 0.00984113291
v 0.00371600571 0.0304062702 0.00940186065
v 0.00366778369 0.0298160799 0.00909367669
v -0.00110914628 0.0298160799 0.00984113291
v 0.00366778369 0.0298160799 0.00909367669
v -0.00119218009 0.0294196643 0.00931046996
v -0.00119218009 0.0294196643 0.00931046996
v 0.00366778369 0.0298160799 0.00909367669
v 0.00358474976 0.0294196643 0.00856301375
v -0.00119218009 0.0294196643 0.00931046996
v 0.00358474976 0.0294196643 0.00856301375
v -0.00129358051 0.0292955525 0.00866242778
v -0.00129358051 0.0292955525 0.00866242778
v 0.00358474976 0.0294196643 0.00856301375
v 0.00348334946 0.0292955525 0.00791497249
v -0.00129358051 0.0292955525 0.00866242778
v 0.00348334946 0.0292955525 0.00791497249
v -0.00139326241 0.0294683315 0.00802536961
v -0.00139326241 0.0294683315 0.00802536961
v 0.00348334946 0.0292955525 0.00791497249
v 0.00338366744 0.0294683315 0.00727791339
v -0.00139326241 0.0294683315 0.00802536961
v 0.00338366744 0.0294683315 0.00727791339
v -0.00147148524 0.0299037732 0.00752545334
v -0.00147148524 0.0299037732 0.00752545334
v 0.00338366744 0.0294683315 0.00727791339
v 0.00330544473 0.0299037732 0.00677799759
v -0.00147148524 0.0299037732 0.00752545334
v 0.00330544473 0.0299037732 0.00677799759
v -0.00151275401 0.0305156298 0.00726170838
v -0.00151275401 0.0305156298 0.00726170838
v 0.00330544473 0.0299037732 0.00677799759
v 0.00326417596 0.0305156298 0.00651425216
v -0.00151275401 0.0305156298 0.00726170838
v 0.00326417596 0.0305156298 0.00651425216
v -0.00150889438 0.0311827399 0.00728637492
v -0.00150889438 0.0311827399 0.00728637492
v 0.00326417596 0.0305156298 0.00651425216
v 0.00326803559 0.0311827399 0.00653891917
v 0.00352408784 0.0174802877 0.00946903788
v -0.00085765135 0.0174802877 0.010154658
v 0.00350328069 0.0183300711 0.00933606178
v 0.00350328069 0.0183300711 0.00933606178
v -0.00085765135 0.0174802877 0.010154658
v -0.000878458493 0.0183300711 0.010021681
v 0.00350328069 0.0183300711 0.00933606178
v -0.000878458493 0.0183300711 0.010021681
v 0.00344289676 0.0190966912 0.00895015337
v 0.00344289676 0.0190966912 0.00895015337
v -0.000878458493 0.0183300711 0.010021681
v -0.000938842364 0.0190966912 0.00963577256
v 0.00344289676 0.0190966912 0.00895015337
v -0.000938842364 0.0190966912 0.00963577256
v 0.00334884482 0.0197050758 0.00834907498
v 0.00334884482 0.0197050758 0.00834907498
v -0.000938842364 0.0190966912 0.00963577256
v -0.00103289436 0.0197050758 0.00903469417
v 0.00334884482 0.0197050758 0.00834907498
v -0.00103289436 0.0197050758 0.00903469417
v 0.00323033356 0.0200956799 0.00759167783
v 0.00323033356 0.0200956799 0.00759167783
v -0.00103289436 0.0197050758 0.00903469417
v -0.00115140574 0.0200956799 0.00827729702
v 0.00323033356 0.0200956799 0.00759167783
v -0.00115140574 0.0200956799 0.00827729702
v 0.00309896236 0.0202302821 0.00675209519
v 0.00309896236 0.0202302821 0.00675209519
v -0.00115140574 0.0200956799 0.00827729702
v -0.00128277682 0.0202302821 0.00743771484
v -0.00254269294 0.0174802877 -0.000614306773
v 0.00183904625 0.0174802877 -0.00129992631
v -0.00252188579 0.0183300711 -0.000481330062
v -0.00252188579 0.0183300711 -0.000481330062
v 0.00183904625 0.0174802877 -0.00129992631
v 0.00185985339 0.0183300711 -0.00116694963
v -0.00252188579 0.0183300711 -0.000481330062
v 0.00185985339 0.0183300711 -0.00116694963
v -0.00246150186 0.0190966912 -9.54215429e-05
v -0.00246150186 0.0190966912 -9.54215429e-05
v 0.00185985339 0.0183300711 -0.00116694963
v 0.00192023732 0.0190966912 -0.000781041104
v -0.00246150186 0.0190966912 -9.54215429e-05
v 0.00192023732 0.0190966912 -0.000781041104
v -0.00236744992 0.0197050758 0.000505656761
v -0.00236744992 0.0197050758 0.000505656761
v 0.00192023732 0.0190966912 -0.000781041104
v 0.00201428914 0.0197050758 -0.000179962779
v -0.00236744992 0.0197050758 0.000505656761
v 0.00201428914 0.0197050758 -0.000179962779
v -0.00224893866 0.0200956799 0.00126305351
v -0.00224893866 0.0200956799 0.00126305351
v 0.00201428914 0.0197050758 -0.000179962779
v 0.00213280064 0.0200956799 0.000577434024
v -0.00224893866 0.0200956799 0.00126305351
v 0.00213280064 0.0200956799 0.000577434024
v -0.00211756746 0.0202302821 0.00210263603
v -0.00211756746 0.0202302821 0.00210263603
v 0.00213280064 0.0200956799 0.000577434024
v 0.00226417184 0.0202302821 0.00141701649
v 0.000160433687 0.00424999418 0.0120196957
v 0.000315023848 0.00424999418 0.0130076688
v 0.000307190203 0.00359917106 0.0119967321
v 0.000307190203 0.00359917106 0.0119967321
v 0.000315023848 0.00424999418 0.0130076688
v 0.000461780379 0.00359917106 0.0129847052
v 0.000307190203 0.00359917106 0.0119967321
v 0.000461780379 0.00359917106 0.0129847052
v 0.000718405878 0.00307725789 0.0119323889
v 0.000718405878 0.00307725789 0.0119323889
v 0.000461780379 0.00359917106 0.0129847052
v 0.000872996054 0.00307725789 0.0129203619
v 0.000718405878 0.00307725789 0.0119323889
v 0.000872996054 0.00307725789 0.0129203619
v 0.00131263107 0.00278760912 0.0118394084
v 0.00131263107 0.00278760912 0.0118394084
v 0.000872996054 0.00307725789 0.0129203619
v 0.0014672213 0.00278760912 0.0128273824
v 0.00131263107 0.00278760912 0.0118394084
v 0.0014672213 0.00278760912 0.0128273824
v 0.00197216333 0.00278760912 0.0117362104
v 0.00197216333 0.00278760912 0.0117362104
v 0.0014672213 0.00278760912 0.0128273824
v 0.00212675333 0.00278760912 0.0127241835
v 0.00197216333 0.00278760912 0.0117362104
v 0.00212675333 0.00278760912 0.0127241835
v 0.00256638834 0.00307725789 0.0116432309
v 0.00256638834 0.00307725789 0.0116432309
v 0.00212675333 0.00278760912 0.0127241835
v 0.00272097858 0.00307725789 0.012631204
v 0.00256638834 0.00307725789 0.0116432309
v 0.00272097858 0.00307725789 0.012631204
v 0.00297760405 0.00359917106 0.0115788868
v 0.00297760405 0.00359917106 0.0115788868
v 0.00272097858 0.00307725789 0.012631204
v 0.00313219428 0.00359917106 0.0125668608
v 0.00297760405 0.00359917106 0.0115788868
v 0.00313219428 0.00359917106 0.0125668608
v 0.00312436791 0.00424999418 0.0115559231
v 0.00312436791 0.00424999418 0.0115559231
v 0.00313219428 0.00359917106 0.0125668608
v 0.00327895815 0.00424999418 0.0125438962
v 0.000160433687 0.0107500004 0.0120196957
v 0.000315023848 0.0107500004 0.0130076688
v 0.000160433687 0.00424999418 0.0120196957
v 0.000160433687 0.00424999418 0.0120196957
v 0.000315023848 0.0107500004 0.0130076688
v 0.000315023848 0.00424999418 0.0130076688
v 0.00312436791 0.0107500004 0.0115559231
v 0.00327895815 0.0107500004 0.0125438962
v 0.00297760405 0.0114008235 0.0115788868
v 0.00297760405 0.0114008235 0.0115788868
v 0.00327895815 0.0107500004 0.0125438962
v 0.00313219428 0.0114008235 0.0125668608
v 0.00297760405 0.0114008235 0.0115788868
v 0.00313219428 0.0114008235 0.0125668608
v 0.00256638834 0.0119227516 0.0116432309
v 0.00256638834 0.0119227516 0.0116432309
v 0.00313219428 0.0114008235 0.0125668608
v 0.00272097858 0.0119227516 0.012631204
v 0.00256638834 0.0119227516 0.0116432309
v 0.00272097858 0.0119227516 0.012631204
v 0.00197216333 0.0122123854 0.0117362104
v 0.00197216333 0.0122123854 0.0117362104
v 0.00272097858 0.0119227516 0.012631204
v 0.00212675333 0.0122123854 0.0127241835
v 0.00197216333 0.0122123854 0.0117362104
v 0.00212675333 0.0122123854 0.0127241835
v 0.00131263107 0.0122123854 0.0118394084
v 0.00131263107 0.0122123854 0.0118394084
v 0.00212675333 0.0122123854 0.0127241835
v 0.0014672213 0.0122123854 0.0128273824
v 0.00131263107 0.0122123854 0.0118394084
v 0.0014672213 0.0122123854 0.0128273824
v 0.000718405878 0.0119227516 0.0119323889
v 0.000718405878 0.0119227516 0.0119323889
v 0.0014672213 0.0122123854 0.0128273824
v 0.000872996054 0.0119227516 0.0129203619
v 0.000718405878 0.0119227516 0.0119323889
v 0.000872996054 0.0119227516 0.0129203619
v 0.000307190203 0.0114008235 0.0119967321
v 0.000307190203 0.0114008235 0.0119967321
v 0.000872996054 0.0119227516 0.0129203619
v 0.000461780379 0.0114008235 0.0129847052
v 0.000307190203 0.0114008235 0.0119967321
v 0.000461780379 0.0114008235 0.0129847052
v 0.000160433687 0.0107500004 0.0120196957
v 0.000160433687 0.0107500004 0.0120196957
v 0.000461780379 0.0114008235 0.0129847052
v 0.000315023848 0.0107500004 0.0130076688
v 0.00312436791 0.00424999418 0.0115559231
v 0.00327895815 0.00424999418 0.0125438962
v 0.00312436791 0.0107500004 0.0115559231
v 0.00312436791 0.0107500004 0.0115559231
v 0.00327895815 0.00424999418 0.0125438962
v 0.00327895815 0.0107500004 0.0125438962
v 0.000307190203 0.0114008235 0.0119967321
v 0.000160433687 0.0107500004 0.0120196957
v 0.00312436791 0.0107500004 0.0115559231
v 0.00312436791 0.0107500004 0.0115559231
v 0.000160433687 0.0107500004 0.0120196957
v 0.00312436791 0.00424999418 0.0115559231
v 0.00312436791 0.00424999418 0.0115559231
v 0.000160433687 0.0107500004 0.0120196957
v 0.000160433687 0.00424999418 0.0120196957
v 0.00312436791 0.00424999418 0.0115559231
v 0.000160433687 0.00424999418 0.0120196957
v 0.00297760405 0.00359917106 0.0115788868
v 0.00256638834 0.0119227516 0.0116432309
v 0.00197216333 0.0122123854 0.0117362104
v 0.00297760405 0.0114008235 0.0115788868
v 0.00297760405 0.0114008235 0.0115788868
v 0.00197216333 0.0122123854 0.0117362104
v 0.00131263107 0.0122123854 0.0118394084
v 0.00297760405 0.0114008235 0.0115788868
v 0.00131263107 0.0122123854 0.0118394084
v 0.00312436791 0.0107500004 0.0115559231
v 0.00312436791 0.0107500004 0.0115559231
v 0.00131263107 0.0122123854 0.0118394084
v 0.000718405878 0.0119227516 0.0119323889
v 0.00312436791 0.0107500004 0.0115559231
v 0.000718405878 0.0119227516 0.0119323889
v 0.000307190203 0.0114008235 0.0119967321
v 0.000718405878 0.00307725789 0.0119323889
v 0.00131263107 0.00278760912 0.0118394084
v 0.00197216333 0.00278760912 0.0117362104
v 0.000160433687 0.00424999418 0.0120196957
v 0.000307190203 0.00359917106 0.0119967321
v 0.00297760405 0.00359917106 0.0115788868
v 0.00297760405 0.00359917106 0.0115788868
v 0.000307190203 0.00359917106 0.0119967321
v 0.000718405878 0.00307725789 0.0119323889
v 0.00297760405 0.00359917106 0.0115788868
v 0.000718405878 0.00307725789 0.0119323889
v 0.00256638834 0.00307725789 0.0116432309
v 0.00256638834 0.00307725789 0.0116432309
v 0.000718405878 0.00307725789 0.0119323889
v 0.00197216333 0.00278760912 0.0117362104
v -0.00895519555 -0.000460009498 -0.00264743133
v -0.0090285698 -0.000304962916 -0.00263595022
v -0.00382954488 0.00778858783 -0.00344945234
v -0.00695927115 -0.00542465923 -0.00295973755
v -0.0071112616 -0.00534791825 -0.00293595553
v -0.00382954488 0.00778858783 -0.00344945234
v -0.00866161566 0.0022407216 -0.00269336835
v -0.00868128426 0.00241147401 -0.0026902908
v -0.00382954488 0.00778858783 -0.00344945234
v -0.00171015435 -0.0086486144 -0.00378107745
v -0.00178855646 -0.00835756492 -0.00376880984
v 1.59150877e-05 -0.00857249927 -0.00405115914
v -0.00895519555 -0.000460009498 -0.00264743133
v -0.00382954488 0.00778858783 -0.00344945234
v -0.00894869585 -0.000508900208 -0.00264844834
v -0.00751756737 0.00469862344 -0.00287237996
v -0.00748138782 0.00486660423 -0.00287804101
v -0.00382954488 0.00778858783 -0.00344945234
v -0.00443600398 -0.00788528752 -0.00335455826
v -0.00441679172 -0.00758423982 -0.00335756456
v -0.00289028673 -0.00867618155 -0.00359641993
v -0.00666533876 -0.00579799293 -0.00300572999
v -0.00505443243 -0.00712795136 -0.00325779174
v -0.00525979698 -0.00720294891 -0.00322565786
v -0.00695927115 -0.00542465923 -0.00295973755
v -0.00382954488 0.00778858783 -0.00344945234
v -0.00692447554 -0.00545920013 -0.00296518207
v -0.00820823666 -0.00356059847 -0.00276430952
v -0.0071112616 -0.00534791825 -0.00293595553
v -0.00732955243 -0.00535136042 -0.00290179905
v -0.0083446512 -0.00315498887 -0.00274296454
v -0.00836647581 -0.00311088143 -0.00273954938
v -0.00382954488 0.00778858783 -0.00344945234
v -0.00382954488 0.00778858783 -0.00344945234
v -0.00836647581 -0.00311088143 -0.00273954938
v -0.00848561432 -0.00298836408 -0.0027209078
v -0.00382954488 0.00778858783 -0.00344945234
v -0.00848561432 -0.00298836408 -0.0027209078
v -0.0086931875 -0.00291987834 -0.00268842839
v 0.00132993702 -0.00668660877 -0.00425676676
v -0.00178855646 -0.00835756492 -0.00376880984
v 0.00137527357 -0.00661359308 -0.00426386064
v 0.00137527357 -0.00661359308 -0.00426386064
v -0.00178855646 -0.00835756492 -0.00376880984
v -0.0019130091 -0.00821350049 -0.00374933635
v -0.00931671727 -0.00124321447 -0.00259086327
v -0.0086931875 -0.00291987834 -0.00268842839
v -0.00912544131 -0.00298557756 -0.00262079271
v -0.00931671727 -0.00124321447 -0.00259086327
v -0.00905721914 -0.00109484361 -0.00263146753
v -0.0086931875 -0.00291987834 -0.00268842839
v -0.0086931875 -0.00291987834 -0.00268842839
v -0.00905721914 -0.00109484361 -0.00263146753
v -0.00894978549 -0.000937353296 -0.00264827791
v -0.0086931875 -0.00291987834 -0.00268842839
v -0.00894978549 -0.000937353296 -0.00264827791
v -0.00382954488 0.00778858783 -0.00344945234
v -0.00382954488 0.00778858783 -0.00344945234
v -0.00894978549 -0.000937353296 -0.00264827791
v -0.00892790034 -0.000777940673 -0.00265170215
v -0.00382954488 0.00778858783 -0.00344945234
v -0.00892790034 -0.000777940673 -0.00265170215
v -0.00894869585 -0.000508900208 -0.00264844834
v -0.00403134711 0.00795464683 -0.00341787585
v -0.00382954488 0.00778858783 -0.00344945234
v -0.00554427085 0.00701483013 -0.00318114553
v -0.00554427085 0.00701483013 -0.00318114553
v -0.00382954488 0.00778858783 -0.00344945234
v -0.00555891218 0.00679435255 -0.00317885471
v -0.00289028673 -0.00867618155 -0.00359641993
v -0.00441679172 -0.00758423982 -0.00335756456
v -0.00364678563 0.00775133492 -0.00347804883
v -0.00364678563 0.00775133492 -0.00347804883
v -0.00441679172 -0.00758423982 -0.00335756456
v -0.00448828936 -0.00740707992 -0.00334637705
v -0.00364678563 0.00775133492 -0.00347804883
v -0.00448828936 -0.00740707992 -0.00334637705
v -0.0046081706 -0.00730134128 -0.00332761905
v 0.00132993702 -0.00668660877 -0.00425676676
v 0.000141597033 -0.00828642678 -0.00407082494
v -0.00178855646 -0.00835756492 -0.00376880984
v -0.00178855646 -0.00835756492 -0.00376880984
v 0.000141597033 -0.00828642678 -0.00407082494
v 0.000105675288 -0.00833361875 -0.00406520395
v -0.00178855646 -0.00835756492 -0.00376880984
v 0.000105675288 -0.00833361875 -0.00406520395
v 1.59150877e-05 -0.00857249927 -0.00405115914
v 0.00320278504 -0.00104321109 -0.00454981485
v 0.00288040936 -0.00301797269 -0.00449937209
v -0.0019130091 -0.00821350049 -0.00374933635
v -0.0019130091 -0.00821350049 -0.00374933635
v 0.00288040936 -0.00301797269 -0.00449937209
v 0.002250741 -0.00491532264 -0.00440084701
v -0.0019130091 -0.00821350049 -0.00374933635
v 0.002250741 -0.00491532264 -0.00440084701
v 0.00137527357 -0.00661359308 -0.00426386064
v 0.000519607158 0.0084008323 -0.00412997277
v 0.000108391505 0.00892274547 -0.00406562909
v 0.00137527357 0.0159924664 -0.00426386064
v 0.00137527357 0.0159924664 -0.00426386064
v 0.000108391505 0.00892274547 -0.00406562909
v -0.000485833705 0.00921239424 -0.00397264957
v 0.00137527357 0.0159924664 -0.00426386064
v -0.000485833705 0.00921239424 -0.00397264957
v -0.00300646573 0.0159924664 -0.00357824098
v -0.000485833705 0.00278760912 -0.00397264957
v 0.000108391505 0.00307725789 -0.00406562909
v 0.000732347835 0.00140077306 -0.00416326057
v 0.000732347835 0.00140077306 -0.00416326057
v 0.000108391505 0.00307725789 -0.00406562909
v 0.0011442923 0.000695426541 -0.00422771834
v -0.00920292269 -0.000171970052 -0.00260866899
v -0.00880963914 0.0017874582 -0.00267020683
v -0.0090285698 -0.000304962916 -0.00263595022
v -0.0090285698 -0.000304962916 -0.00263595022
v -0.00880963914 0.0017874582 -0.00267020683
v -0.00873779505 0.00193104579 -0.00268144836
v -0.0090285698 -0.000304962916 -0.00263595022
v -0.00873779505 0.00193104579 -0.00268144836
v -0.00382954488 0.00778858783 -0.00344945234
v -0.00382954488 0.00778858783 -0.00344945234
v -0.00873779505 0.00193104579 -0.00268144836
v -0.00867115613 0.00219233753 -0.00269187568
v -0.00382954488 0.00778858783 -0.00344945234
v -0.00867115613 0.00219233753 -0.00269187568
v -0.00866161566 0.0022407216 -0.00269336835
v -0.00603887206 0.00638170959 -0.00310375425
v -0.00748138782 0.00486660423 -0.00287804101
v -0.00753827393 0.00507994415 -0.00286913989
v -0.00505443243 -0.00712795136 -0.00325779174
v -0.00382954488 0.00778858783 -0.00344945234
v -0.00488606375 -0.00715057133 -0.00328413653
v -0.00488606375 -0.00715057133 -0.00328413653
v -0.00382954488 0.00778858783 -0.00344945234
v -0.00364678563 0.00775133492 -0.00347804883
v -0.00488606375 -0.00715057133 -0.00328413653
v -0.00364678563 0.00775133492 -0.00347804883
v -0.00484207412 -0.00717182038 -0.0032910197
v -0.00484207412 -0.00717182038 -0.0032910197
v -0.00364678563 0.00775133492 -0.00347804883
v -0.0046081706 -0.00730134128 -0.00332761905
v -0.00505443243 -0.00712795136 -0.00325779174
v -0.00666533876 -0.00579799293 -0.00300572999
v -0.00382954488 0.00778858783 -0.00344945234
v -0.00382954488 0.00778858783 -0.00344945234
v -0.00666533876 -0.00579799293 -0.00300572999
v -0.0067448006 -0.00565857766 -0.00299329637
v -0.00382954488 0.00778858783 -0.00344945234
v -0.0067448006 -0.00565857766 -0.00299329637
v -0.00692447554 -0.00545920013 -0.00296518207
v -0.0071112616 -0.00534791825 -0.00293595553
v -0.00820823666 -0.00356059847 -0.00276430952
v -0.00382954488 0.00778858783 -0.00344945234
v -0.00382954488 0.00778858783 -0.00344945234
v -0.00820823666 -0.00356059847 -0.00276430952
v -0.00823867414 -0.00340263126 -0.00275954697
v -0.00382954488 0.00778858783 -0.00344945234
v -0.00823867414 -0.00340263126 -0.00275954697
v -0.0083446512 -0.00315498887 -0.00274296454
v 0.00290069636 0.00293526473 -0.00450254651
v 0.000519607158 0.00359917106 -0.00412997277
v 0.000666371081 0.00424999418 -0.00415293733
v -0.00963283516 -9.20402163e-05 -0.00254139956
v -0.00925480295 0.00161876215 -0.00260055112
v -0.00920292269 -0.000171970052 -0.00260866899
v -0.00920292269 -0.000171970052 -0.00260866899
v -0.00925480295 0.00161876215 -0.00260055112
v -0.00896176137 0.00167380704 -0.00264640409
v -0.00920292269 -0.000171970052 -0.00260866899
v -0.00896176137 0.00167380704 -0.00264640409
v -0.00880963914 0.0017874582 -0.00267020683
v -0.00556103932 -0.00752351759 -0.00317852176
v -0.00676929066 -0.00626746891 -0.00298946421
v -0.00525979698 -0.00720294891 -0.00322565786
v -0.00525979698 -0.00720294891 -0.00322565786
v -0.00676929066 -0.00626746891 -0.00298946421
v -0.00665454753 -0.00598905561 -0.00300741848
v -0.00525979698 -0.00720294891 -0.00322565786
v -0.00665454753 -0.00598905561 -0.00300741848
v -0.00666533876 -0.00579799293 -0.00300572999
v -0.00771731557 -0.00555556593 -0.00284112478
v -0.00845716428 -0.00397046981 -0.00272535929
v -0.00732955243 -0.00535136042 -0.00290179905
v -0.00732955243 -0.00535136042 -0.00290179905
v -0.00845716428 -0.00397046981 -0.00272535929
v -0.00825932156 -0.00374485133 -0.00275631598
v -0.00732955243 -0.00535136042 -0.00290179905
v -0.00825932156 -0.00374485133 -0.00275631598
v -0.00820823666 -0.00356059847 -0.00276430952
v -0.00173959101 0.00307725789 -0.0037764716
v -0.00268352334 0.000909407216 -0.00362877245
v -0.0021508066 0.00359917106 -0.00371212768
v -0.0021508066 0.00359917106 -0.00371212768
v -0.00268352334 0.000909407216 -0.00362877245
v -0.00288499426 0.000115801173 -0.00359724788
v -0.0021508066 0.00359917106 -0.00371212768
v -0.00288499426 0.000115801173 -0.00359724788
v -0.00229756325 0.00424999418 -0.00368916453
v 0.000732347835 0.00140077306 -0.00416326057
v 8.50718134e-05 0.00189288391 -0.00406198017
v -0.000485833705 0.00278760912 -0.00397264957
v -0.000485833705 0.00278760912 -0.00397264957
v 8.50718134e-05 0.00189288391 -0.00406198017
v -0.00069898658 0.00209680619 -0.00393929705
v -0.000485833705 0.00278760912 -0.00397264957
v -0.00069898658 0.00209680619 -0.00393929705
v -0.00114536576 0.00278760912 -0.00386945112
v -0.00114536576 0.00278760912 -0.00386945112
v -0.00069898658 0.00209680619 -0.00393929705
v -0.00150046113 0.0019815159 -0.00381388864
v -0.00114536576 0.00278760912 -0.00386945112
v -0.00150046113 0.0019815159 -0.00381388864
v -0.00173959101 0.00307725789 -0.0037764716
v -0.00173959101 0.00307725789 -0.0037764716
v -0.00150046113 0.0019815159 -0.00381388864
v -0.00219733571 0.00156455173 -0.0037048473
v -0.00173959101 0.00307725789 -0.0037764716
v -0.00219733571 0.00156455173 -0.0037048473
v -0.00268352334 0.000909407216 -0.00362877245
v 0.000519607158 0.00359917106 -0.00412997277
v 0.00290069636 0.00293526473 -0.00450254651
v 0.000108391505 0.00307725789 -0.00406562909
v 0.000108391505 0.00307725789 -0.00406562909
v 0.00290069636 0.00293526473 -0.00450254651
v 0.00320960884 0.000958297926 -0.00455088262
v 0.000108391505 0.00307725789 -0.00406562909
v 0.00320960884 0.000958297926 -0.00455088262
v 0.0011442923 0.000695426541 -0.00422771834
v -0.0107939476 -0.00286353705 -0.00235971808
v -0.0108813299 -0.00253082393 -0.00234604534
v -0.00996533968 -0.00302721141 -0.00248937192
v -0.00996533968 -0.00302721141 -0.00248937192
v -0.0108813299 -0.00253082393 -0.00234604534
v -0.00931671727 -0.00124321447 -0.00259086327
v -0.00996533968 -0.00302721141 -0.00248937192
v -0.00931671727 -0.00124321447 -0.00259086327
v -0.0094228778 -0.0030361372 -0.0025742522
v -0.0094228778 -0.0030361372 -0.0025742522
v -0.00931671727 -0.00124321447 -0.00259086327
v -0.00912544131 -0.00298557756 -0.00262079271
v -0.0108813299 -0.00253082393 -0.00234604534
v -0.0109578921 -0.00219538389 -0.0023340655
v -0.0103753852 -0.00170914398 -0.00242521148
v -0.00827812962 0.00430532219 -0.00275337324
v -0.00880352128 0.00259456458 -0.00267116399
v -0.00918449834 0.00281145098 -0.0026115519
v -0.00827812962 0.00430532219 -0.00275337324
v -0.00798331294 0.00426108064 -0.00279950374
v -0.00880352128 0.00259456458 -0.00267116399
v -0.00880352128 0.00259456458 -0.00267116399
v -0.00798331294 0.00426108064 -0.00279950374
v -0.00780296838 0.00431856932 -0.00282772258
v -0.00880352128 0.00259456458 -0.00267116399
v -0.00780296838 0.00431856932 -0.00282772258
v -0.00868128426 0.00241147401 -0.0026902908
v -0.00868128426 0.00241147401 -0.0026902908
v -0.00780296838 0.00431856932 -0.00282772258
v -0.00768896099 0.00443077506 -0.0028455616
v -0.00868128426 0.00241147401 -0.0026902908
v -0.00768896099 0.00443077506 -0.0028455616
v -0.00382954488 0.00778858783 -0.00344945234
v -0.00382954488 0.00778858783 -0.00344945234
v -0.00768896099 0.00443077506 -0.0028455616
v -0.00754210912 0.00465600612 -0.00286853989
v -0.00382954488 0.00778858783 -0.00344945234
v -0.00754210912 0.00465600612 -0.00286853989
v -0.00751756737 0.00469862344 -0.00287237996
v -0.00595935853 0.00823671091 -0.00311619602
v -0.00600601267 0.0090899216 -0.00310889585
v -0.0057088118 0.00925733615 -0.00315539958
v -0.00390381017 -0.0100232465 -0.00343783177
v -0.00422678934 -0.00991531741 -0.00338729471
v -0.00331522338 -0.00941064488 -0.00352992909
v -0.00331522338 -0.00941064488 -0.00352992909
v -0.00422678934 -0.00991531741 -0.00338729471
v -0.00443600398 -0.00788528752 -0.00335455826
v -0.00331522338 -0.00941064488 -0.00352992909
v -0.00443600398 -0.00788528752 -0.00335455826
v -0.00301113981 -0.00895587634 -0.00357750966
v -0.00301113981 -0.00895587634 -0.00357750966
v -0.00443600398 -0.00788528752 -0.00335455826
v -0.00289028673 -0.00867618155 -0.00359641993
v -0.00422678934 -0.00991531741 -0.00338729471
v -0.0045461026 -0.00979671907 -0.00333733088
v -0.0046296725 -0.00903719198 -0.00332425465
v 5.53605878e-06 -0.0088886572 -0.00404953491
v -1.90497267e-05 -0.00919290911 -0.00404568808
v -0.000861046661 -0.01049989 -0.003913939
v -0.000861046661 -0.01049989 -0.003913939
v -1.90497267e-05 -0.00919290911 -0.00404568808
v -0.00016077132 -0.00972297322 -0.00402351283
v -0.000861046661 -0.01049989 -0.003913939
v -0.00016077132 -0.00972297322 -0.00402351283
v -0.000520938367 -0.0104958219 -0.00396715663
v 5.53605878e-06 -0.0088886572 -0.00404953491
v -0.000861046661 -0.01049989 -0.003913939
v 1.59150877e-05 -0.00857249927 -0.00405115914
v 1.59150877e-05 -0.00857249927 -0.00405115914
v -0.000861046661 -0.01049989 -0.003913939
v -0.00120110344 -0.0104926629 -0.00386072975
v 1.59150877e-05 -0.00857249927 -0.00405115914
v -0.00120110344 -0.0104926629 -0.00386072975
v -0.00152379554 -0.00980175566 -0.00381023739
v -0.00152379554 -0.00980175566 -0.00381023739
v -0.00170406676 -0.00909094047 -0.00378202996
v 1.59150877e-05 -0.00857249927 -0.00405115914
v 1.59150877e-05 -0.00857249927 -0.00405115914
v -0.00170406676 -0.00909094047 -0.00378202996
v -0.00171297358 -0.00888067018 -0.00378063647
v 1.59150877e-05 -0.00857249927 -0.00405115914
v -0.00171297358 -0.00888067018 -0.00378063647
v -0.00171015435 -0.0086486144 -0.00378107745
v 0.000519607158 0.0084008323 -0.00412997277
v 0.00137527357 0.0159924664 -0.00426386064
v 0.000666371081 0.00774999382 -0.00415293733
v 0.000666371081 0.00774999382 -0.00415293733
v 0.00137527357 0.0159924664 -0.00426386064
v 0.00137527357 0.00661464455 -0.00426386064
v 0.000666371081 0.00774999382 -0.00415293733
v 0.00137527357 0.00661464455 -0.00426386064
v 0.000666371081 0.00424999418 -0.00415293733
v 0.000666371081 0.00424999418 -0.00415293733
v 0.00137527357 0.00661464455 -0.00426386064
v 0.0022839834 0.00483696582 -0.00440604845
v 0.000666371081 0.00424999418 -0.00415293733
v 0.0022839834 0.00483696582 -0.00440604845
v 0.00290069636 0.00293526473 -0.00450254651
v -0.0103753852 -0.00170914398 -0.00242521148
v -0.00973886345 -0.0013577746 -0.00252480921
v -0.0108813299 -0.00253082393 -0.00234604534
v -0.0108813299 -0.00253082393 -0.00234604534
v -0.00973886345 -0.0013577746 -0.00252480921
v -0.00953966007 -0.0012974249 -0.00255597895
v -0.0108813299 -0.00253082393 -0.00234604534
v -0.00953966007 -0.0012974249 -0.00255597895
v -0.00931671727 -0.00124321447 -0.00259086327
v -0.00782902632 0.00541028799 -0.00282364525
v -0.00649253884 0.00652534189 -0.00303276815
v -0.00753827393 0.00507994415 -0.00286913989
v -0.00753827393 0.00507994415 -0.00286913989
v -0.00649253884 0.00652534189 -0.00303276815
v -0.00622788817 0.00638659718 -0.0030741787
v -0.00753827393 0.00507994415 -0.00286913989
v -0.00622788817 0.00638659718 -0.0030741787
v -0.00603887206 0.00638170959 -0.00310375425
v -0.00603887206 0.00638170959 -0.00310375425
v -0.00589505257 0.00645035924 -0.00312625803
v -0.00748138782 0.00486660423 -0.00287804101
v -0.00748138782 0.00486660423 -0.00287804101
v -0.00589505257 0.00645035924 -0.00312625803
v -0.00568390219 0.00661513628 -0.00315929716
v -0.00748138782 0.00486660423 -0.00287804101
v -0.00568390219 0.00661513628 -0.00315929716
v -0.00382954488 0.00778858783 -0.00344945234
v -0.00382954488 0.00778858783 -0.00344945234
v -0.00568390219 0.00661513628 -0.00315929716
v -0.00564700877 0.0066473675 -0.00316506997
v -0.00382954488 0.00778858783 -0.00344945234
v -0.00564700877 0.0066473675 -0.00316506997
v -0.00555891218 0.00679435255 -0.00317885471
v -0.0057088118 0.00925733615 -0.00315539958
v -0.00540634012 0.00941479672 -0.003202728
v -0.00479765795 0.00896260608 -0.0032979697
v -0.0046296725 -0.00903719198 -0.00332425465
v -0.00457214611 -0.00830564927 -0.00333325588
v -0.00422678934 -0.00991531741 -0.00338729471
v -0.00422678934 -0.00991531741 -0.00338729471
v -0.00457214611 -0.00830564927 -0.00333325588
v -0.0045131105 -0.00810384285 -0.0033424932
v -0.00422678934 -0.00991531741 -0.00338729471
v -0.0045131105 -0.00810384285 -0.0033424932
v -0.00443600398 -0.00788528752 -0.00335455826
v -0.00288499426 0.000115801173 -0.00359724788
v -0.00277108978 -0.000695418043 -0.00361507083
v -0.00253801816 -0.00813555252 -0.00365154003
v -0.00277108978 -0.000695418043 -0.00361507083
v -0.0023591381 -0.00140077935 -0.00367952976
v -0.00253801816 -0.00813555252 -0.00365154003
v -0.00253801816 -0.00813555252 -0.00365154003
v -0.0023591381 -0.00140077935 -0.00367952976
v -0.0017118695 -0.0018928753 -0.00378080923
v -0.00253801816 -0.00813555252 -0.00365154003
v -0.0017118695 -0.0018928753 -0.00378080923
v -0.00237151934 -0.00810162257 -0.00367759238
v -0.000485833705 0.00921239424 -0.00397264957
v -0.00114536576 0.00921239424 -0.00386945112
v -0.00300646573 0.0159924664 -0.00357824098
v -0.00300646573 0.0159924664 -0.00357824098
v -0.00114536576 0.00921239424 -0.00386945112
v -0.00173959101 0.00892274547 -0.0037764716
v -0.00300646573 0.0159924664 -0.00357824098
v -0.00173959101 0.00892274547 -0.0037764716
v -0.00300646573 0.00831974018 -0.00357824098
v -0.00300646573 0.00831974018 -0.00357824098
v -0.00173959101 0.00892274547 -0.0037764716
v -0.0021508066 0.0084008323 -0.00371212768
v -0.00300646573 0.00831974018 -0.00357824098
v -0.0021508066 0.0084008323 -0.00371212768
v -0.00304731936 0.00812063087 -0.00357184862
v -0.00304731936 0.00812063087 -0.00357184862
v -0.0021508066 0.0084008323 -0.00371212768
v -0.00229756325 0.00774999382 -0.00368916453
v -0.00304731936 0.00812063087 -0.00357184862
v -0.00229756325 0.00774999382 -0.00368916453
v -0.0031631228 0.00795446802 -0.00355372857
v -0.0111717805 0.000571732002 -0.00230059773
v -0.0111476956 0.000915144163 -0.00230436656
v -0.010440574 0.000144605117 -0.00241501117
v -0.010440574 0.000144605117 -0.00241501117
v -0.0111476956 0.000915144163 -0.00230436656
v -0.00925480295 0.00161876215 -0.00260055112
v -0.010440574 0.000144605117 -0.00241501117
v -0.00925480295 0.00161876215 -0.00260055112
v -0.00993036758 -4.21213299e-05 -0.00249484414
v -0.00993036758 -4.21213299e-05 -0.00249484414
v -0.00925480295 0.00161876215 -0.00260055112
v -0.00963283516 -9.20402163e-05 -0.00254139956
v -0.0111476956 0.000915144163 -0.00230436656
v -0.0111125028 0.001257558 -0.00230987323
v -0.0104055805 0.00152601732 -0.00242048665
v -0.00403134711 0.00795464683 -0.00341787585
v -0.00554427085 0.00701483013 -0.00318114553
v -0.0041981698 0.00824366976 -0.00339177274
v -0.0041981698 0.00824366976 -0.00339177274
v -0.00554427085 0.00701483013 -0.00318114553
v -0.00571330171 0.00742282392 -0.0031546969
v -0.0041981698 0.00824366976 -0.00339177274
v -0.00571330171 0.00742282392 -0.0031546969
v -0.00583474385 0.0077022505 -0.00313569466
v -0.00583474385 0.0077022505 -0.00313569466
v -0.00595935853 0.00823671091 -0.00311619602
v -0.0041981698 0.00824366976 -0.00339177274
v -0.0041981698 0.00824366976 -0.00339177274
v -0.00595935853 0.00823671091 -0.00311619602
v -0.0057088118 0.00925733615 -0.00315539958
v -0.0041981698 0.00824366976 -0.00339177274
v -0.0057088118 0.00925733615 -0.00315539958
v -0.00430487469 0.00842431653 -0.00337507646
v -0.00430487469 0.00842431653 -0.00337507646
v -0.0057088118 0.00925733615 -0.00315539958
v -0.00479765795 0.00896260608 -0.0032979697
v -0.00695177773 -0.00846449565 -0.00296091009
v -0.00722263381 -0.00825626682 -0.00291852886
v -0.0061985692 -0.00807852577 -0.00307876617
v -0.0061985692 -0.00807852577 -0.00307876617
v -0.00722263381 -0.00825626682 -0.00291852886
v -0.00676929066 -0.00626746891 -0.00298946421
v -0.0061985692 -0.00807852577 -0.00307876617
v -0.00676929066 -0.00626746891 -0.00298946421
v -0.00576507207 -0.00774833141 -0.00314659649
v -0.00576507207 -0.00774833141 -0.00314659649
v -0.00676929066 -0.00626746891 -0.00298946421
v -0.00556103932 -0.00752351759 -0.00317852176
v -0.00722263381 -0.00825626682 -0.00291852886
v -0.00748660695 -0.00803915691 -0.00287722447
v -0.00732199242 -0.00729330955 -0.00290298183
v -0.009334567 -0.00598848937 -0.00258807023
v -0.009523944 -0.00570252119 -0.00255843811
v -0.00849834178 -0.00587096391 -0.00271891616
v -0.00849834178 -0.00587096391 -0.00271891616
v -0.009523944 -0.00570252119 -0.00255843811
v -0.00845716428 -0.00397046981 -0.00272535929
v -0.00849834178 -0.00587096391 -0.00271891616
v -0.00845716428 -0.00397046981 -0.00272535929
v -0.0079824077 -0.00570113538 -0.0027996453
v -0.0079824077 -0.00570113538 -0.0027996453
v -0.00845716428 -0.00397046981 -0.00272535929
v -0.00771731557 -0.00555556593 -0.00284112478
v -0.009523944 -0.00570252119 -0.00255843811
v -0.00970395748 -0.00541041372 -0.00253027095
v -0.0093090022 -0.00475908397 -0.00259207049
v -0.0104055805 0.00152601732 -0.00242048665
v -0.00969082583 0.00164914562 -0.00253232592
v -0.0111476956 0.000915144163 -0.00230436656
v -0.0111476956 0.000915144163 -0.00230436656
v -0.00969082583 0.00164914562 -0.00253232592
v -0.00948305335 0.00164077117 -0.00256483629
v -0.0111476956 0.000915144163 -0.00230436656
v -0.00948305335 0.00164077117 -0.00256483629
v -0.00925480295 0.00161876215 -0.00260055112
v -0.0104271257 0.00394504191 -0.00241711549
v -0.010294186 0.00426193001 -0.00243791682
v -0.00987256132 0.00330074551 -0.00250388915
v -0.00987256132 0.00330074551 -0.00250388915
v -0.010294186 0.00426193001 -0.00243791682
v -0.00827812962 0.00430532219 -0.00275337324
v -0.00987256132 0.00330074551 -0.00250388915
v -0.00827812962 0.00430532219 -0.00275337324
v -0.00944990013 0.00295645418 -0.00257002399
v -0.00944990013 0.00295645418 -0.00257002399
v -0.00827812962 0.00430532219 -0.00275337324
v -0.00918449834 0.00281145098 -0.0026115519
v -0.010294186 0.00426193001 -0.00243791682
v -0.010151051 0.00457422854 -0.0024603135
v -0.00939631183 0.00459580543 -0.00257840916
v -0.00732199242 -0.00729330955 -0.00290298183
v -0.00703290338 -0.00662031351 -0.00294821616
v -0.00722263381 -0.00825626682 -0.00291852886
v -0.00722263381 -0.00825626682 -0.00291852886
v -0.00703290338 -0.00662031351 -0.00294821616
v -0.00691233017 -0.00644884584 -0.00296708266
v -0.00722263381 -0.00825626682 -0.00291852886
v -0.00691233017 -0.00644884584 -0.00296708266
v -0.00676929066 -0.00626746891 -0.00298946421
v -0.0093090022 -0.00475908397 -0.00259207049
v -0.00881968625 -0.00421756087 -0.00266863476
v -0.009523944 -0.00570252119 -0.00255843811
v -0.009523944 -0.00570252119 -0.00255843811
v -0.00881968625 -0.00421756087 -0.00266863476
v -0.00865064096 -0.00409501372 -0.00269508571
v -0.009523944 -0.00570252119 -0.00255843811
v -0.00865064096 -0.00409501372 -0.00269508571
v -0.00845716428 -0.00397046981 -0.00272535929
v 0.000570538046 -0.00156455801 -0.0041379421
v 0.00105672562 -0.000909398717 -0.00421401672
v 0.00320278504 -0.00104321109 -0.00454981485
v 0.00320278504 -0.00104321109 -0.00454981485
v 0.00105672562 -0.000909398717 -0.00421401672
v 0.00125819654 -0.000115807576 -0.00424554152
v 0.00320278504 -0.00104321109 -0.00454981485
v 0.00125819654 -0.000115807576 -0.00424554152
v 0.00320960884 0.000958297926 -0.00455088262
v 0.00320960884 0.000958297926 -0.00455088262
v 0.00125819654 -0.000115807576 -0.00424554152
v 0.00126135442 4.25253033e-09 -0.00424603559
v 0.00320960884 0.000958297926 -0.00455088262
v 0.00126135442 4.25253033e-09 -0.00424603559
v 0.0011442923 0.000695426541 -0.00422771834
v -0.00939631183 0.00459580543 -0.00257840916
v -0.00868078414 0.00447735609 -0.00269036903
v -0.010294186 0.00426193001 -0.00243791682
v -0.010294186 0.00426193001 -0.00243791682
v -0.00868078414 0.00447735609 -0.00269036903
v -0.00848695356 0.00440115156 -0.00272069802
v -0.010294186 0.00426193001 -0.00243791682
v -0.00848695356 0.00440115156 -0.00272069802
v -0.00827812962 0.00430532219 -0.00275337324
v -0.00864067394 0.00689083757 -0.00269664521
v -0.00841327757 0.00714686932 -0.00273222639
v -0.00832284056 0.00609919848 -0.00274637737
v -0.00832284056 0.00609919848 -0.00274637737
v -0.00841327757 0.00714686932 -0.00273222639
v -0.00649253884 0.00652534189 -0.00303276815
v -0.00832284056 0.00609919848 -0.00274637737
v -0.00649253884 0.00652534189 -0.00303276815
v -0.00803352986 0.00563465478 -0.00279164617
v -0.00803352986 0.00563465478 -0.00279164617
v -0.00649253884 0.00652534189 -0.00303276815
v -0.00782902632 0.00541028799 -0.00282364525
v -0.00841327757 0.00714686932 -0.00273222639
v -0.00817771815 0.00739519717 -0.00276908488
v -0.00745694945 0.00716756703 -0.00288186502
v -0.00229756325 0.00774999382 -0.00368916453
v -0.00229756325 0.00424999418 -0.00368916453
v -0.0031631228 0.00795446802 -0.00355372857
v -0.0031631228 0.00795446802 -0.00355372857
v -0.00229756325 0.00424999418 -0.00368916453
v -0.00288499426 0.000115801173 -0.00359724788
v -0.0031631228 0.00795446802 -0.00355372857
v -0.00288499426 0.000115801173 -0.00359724788
v -0.00333471526 0.00784871448 -0.00352687924
v -0.00333471526 0.00784871448 -0.00352687924
v -0.00288499426 0.000115801173 -0.00359724788
v -0.00253801816 -0.00813555252 -0.00365154003
v -0.00333471526 0.00784871448 -0.00352687924
v -0.00253801816 -0.00813555252 -0.00365154003
v -0.00364678563 0.00775133492 -0.00347804883
v -0.00364678563 0.00775133492 -0.00347804883
v -0.00253801816 -0.00813555252 -0.00365154003
v -0.00270819734 -0.00827398431 -0.00362491165
v -0.00364678563 0.00775133492 -0.00347804883
v -0.00270819734 -0.00827398431 -0.00362491165
v -0.00289028673 -0.00867618155 -0.00359641993
v -0.00745694945 0.00716756703 -0.00288186502
v -0.00681818277 0.00682038488 -0.00298181409
v -0.00841327757 0.00714686932 -0.00273222639
v -0.00841327757 0.00714686932 -0.00273222639
v -0.00681818277 0.00682038488 -0.00298181409
v -0.00665930985 0.0066846055 -0.00300667319
v -0.00841327757 0.00714686932 -0.00273222639
v -0.00665930985 0.0066846055 -0.00300667319
v -0.00649253884 0.00652534189 -0.00303276815
v 0.000570538046 -0.00156455801 -0.0041379421
v 0.00320278504 -0.00104321109 -0.00454981485
v -0.000126336497 -0.00198150752 -0.00402890053
v -0.000126336497 -0.00198150752 -0.00402890053
v 0.00320278504 -0.00104321109 -0.00454981485
v -0.0019130091 -0.00821350049 -0.00374933635
v -0.000126336497 -0.00198150752 -0.00402890053
v -0.0019130091 -0.00821350049 -0.00374933635
v -0.000927811081 -0.00209679781 -0.00390349235
v -0.000927811081 -0.00209679781 -0.00390349235
v -0.0019130091 -0.00821350049 -0.00374933635
v -0.00206031767 -0.00815288257 -0.00372628681
v -0.000927811081 -0.00209679781 -0.00390349235
v -0.00206031767 -0.00815288257 -0.00372628681
v -0.0017118695 -0.0018928753 -0.00378080923
v -0.0017118695 -0.0018928753 -0.00378080923
v -0.00206031767 -0.00815288257 -0.00372628681
v -0.00232309848 -0.00810725521 -0.00368516892
v -0.0017118695 -0.0018928753 -0.00378080923
v -0.00232309848 -0.00810725521 -0.00368516892
v -0.00237151934 -0.00810162257 -0.00367759238
v 0.000674197334 0.0084008323 -0.00314199971
v 0.000820961257 0.00774999382 -0.00316496403
v -0.00214297301 0.00774999382 -0.00270119123
v -0.000331243558 0.00921239424 -0.00298467628
v 0.000262981659 0.00892274547 -0.0030776558
v 0.000674197334 0.0084008323 -0.00314199971
v -0.00214297301 0.00774999382 -0.00270119123
v 0.000820961257 0.00774999382 -0.00316496403
v -0.00214297301 0.00424999418 -0.00270119123
v -0.00214297301 0.00424999418 -0.00270119123
v 0.000820961257 0.00774999382 -0.00316496403
v 0.000820961257 0.00424999418 -0.00316496403
v -0.00214297301 0.00424999418 -0.00270119123
v 0.000820961257 0.00424999418 -0.00316496403
v -0.0019962166 0.00359917106 -0.00272415462
v -0.000990775647 0.00278760912 -0.00288147782
v -0.00158500089 0.00307725789 -0.0027884983
v -0.0019962166 0.00359917106 -0.00272415462
v 0.000262981659 0.00307725789 -0.0030776558
v -0.000331243558 0.00278760912 -0.00298467628
v -0.000990775647 0.00278760912 -0.00288147782
v -0.00214297301 0.00774999382 -0.00270119123
v -0.0019962166 0.0084008323 -0.00272415462
v -0.00158500089 0.00892274547 -0.0027884983
v 0.000674197334 0.0084008323 -0.00314199971
v -0.00214297301 0.00774999382 -0.00270119123
v -0.000331243558 0.00921239424 -0.00298467628
v -0.000331243558 0.00921239424 -0.00298467628
v -0.00214297301 0.00774999382 -0.00270119123
v -0.00158500089 0.00892274547 -0.0027884983
v -0.000331243558 0.00921239424 -0.00298467628
v -0.00158500089 0.00892274547 -0.0027884983
v -0.000990775647 0.00921239424 -0.00288147782
v -0.0019962166 0.00359917106 -0.00272415462
v 0.000820961257 0.00424999418 -0.00316496403
v -0.000990775647 0.00278760912 -0.00288147782
v -0.000990775647 0.00278760912 -0.00288147782
v 0.000820961257 0.00424999418 -0.00316496403
v 0.000674197334 0.00359917106 -0.00314199971
v -0.000990775647 0.00278760912 -0.00288147782
v 0.000674197334 0.00359917106 -0.00314199971
v 0.000262981659 0.00307725789 -0.0030776558
v 0.00137527357 0.00661464455 -0.00426386064
v 0.00183904625 0.00661464455 -0.00129992631
v 0.0027477562 0.00483696582 -0.00144211401
v 0.00137527357 0.00661464455 -0.00426386064
v 0.0027477562 0.00483696582 -0.00144211401
v 0.0022839834 0.00483696582 -0.00440604845
v 0.0022839834 0.00483696582 -0.00440604845
v 0.0027477562 0.00483696582 -0.00144211401
v 0.00336446916 0.00293526473 -0.0015386123
v 0.0022839834 0.00483696582 -0.00440604845
v 0.00336446916 0.00293526473 -0.0015386123
v 0.00290069636 0.00293526473 -0.00450254651
v 0.00290069636 0.00293526473 -0.00450254651
v 0.00336446916 0.00293526473 -0.0015386123
v 0.0036733814 0.000958297926 -0.00158694841
v 0.00290069636 0.00293526473 -0.00450254651
v 0.0036733814 0.000958297926 -0.00158694841
v 0.00320960884 0.000958297926 -0.00455088262
v 0.00320960884 0.000958297926 -0.00455088262
v 0.0036733814 0.000958297926 -0.00158694841
v 0.00366655784 -0.00104321109 -0.00158588076
v 0.00320960884 0.000958297926 -0.00455088262
v 0.00366655784 -0.00104321109 -0.00158588076
v 0.00320278504 -0.00104321109 -0.00454981485
v 0.00320278504 -0.00104321109 -0.00454981485
v 0.00366655784 -0.00104321109 -0.00158588076
v 0.00334418216 -0.00301797269 -0.001535438
v 0.00320278504 -0.00104321109 -0.00454981485
v 0.00334418216 -0.00301797269 -0.001535438
v 0.00288040936 -0.00301797269 -0.00449937209
v 0.00288040936 -0.00301797269 -0.00449937209
v 0.00334418216 -0.00301797269 -0.001535438
v 0.0027145138 -0.00491532264 -0.00143691245
v 0.00288040936 -0.00301797269 -0.00449937209
v 0.0027145138 -0.00491532264 -0.00143691245
v 0.002250741 -0.00491532264 -0.00440084701
v 0.002250741 -0.00491532264 -0.00440084701
v 0.0027145138 -0.00491532264 -0.00143691245
v 0.00137527357 -0.00661359308 -0.00426386064
v 0.00137527357 -0.00661359308 -0.00426386064
v 0.0027145138 -0.00491532264 -0.00143691245
v 0.00183904625 -0.00661359308 -0.00129992631
v 0.00137527357 -0.00661359308 -0.00426386064
v 0.00183904625 -0.00661359308 -0.00129992631
v 0.00132993702 -0.00668660877 -0.00425676676
v 0.00183904625 -0.00661359308 -0.00129992631
v 0.00179370982 -0.00668660877 -0.00129283243
v 0.00132993702 -0.00668660877 -0.00425676676
v 0.00132993702 -0.00668660877 -0.00425676676
v 0.00179370982 -0.00668660877 -0.00129283243
v 0.000605369802 -0.00828642678 -0.0011068905
v 0.00132993702 -0.00668660877 -0.00425676676
v 0.000605369802 -0.00828642678 -0.0011068905
v 0.000141597033 -0.00828642678 -0.00407082494
v 0.000141597033 -0.00828642678 -0.00407082494
v 0.000605369802 -0.00828642678 -0.0011068905
v 0.00056944805 -0.00833361875 -0.00110126974
v 0.000141597033 -0.00828642678 -0.00407082494
v 0.00056944805 -0.00833361875 -0.00110126974
v 0.000105675288 -0.00833361875 -0.00406520395
v 0.000105675288 -0.00833361875 -0.00406520395
v 0.00056944805 -0.00833361875 -0.00110126974
v 0.000479687849 -0.00857249927 -0.00108722481
v 0.000105675288 -0.00833361875 -0.00406520395
v 0.000479687849 -0.00857249927 -0.00108722481
v 1.59150877e-05 -0.00857249927 -0.00405115914
v 1.59150877e-05 -0.00857249927 -0.00405115914
v 0.000479687849 -0.00857249927 -0.00108722481
v 0.000469308812 -0.0088886572 -0.0010856007
v 1.59150877e-05 -0.00857249927 -0.00405115914
v 0.000469308812 -0.0088886572 -0.0010856007
v 5.53605878e-06 -0.0088886572 -0.00404953491
v 5.53605878e-06 -0.0088886572 -0.00404953491
v 0.000469308812 -0.0088886572 -0.0010856007
v 0.000444723031 -0.00919290911 -0.00108175375
v 5.53605878e-06 -0.0088886572 -0.00404953491
v 0.000444723031 -0.00919290911 -0.00108175375
v -1.90497267e-05 -0.00919290911 -0.00404568808
v -1.90497267e-05 -0.00919290911 -0.00404568808
v 0.000444723031 -0.00919290911 -0.00108175375
v 0.000303001434 -0.00972297322 -0.00105957827
v -1.90497267e-05 -0.00919290911 -0.00404568808
v 0.000303001434 -0.00972297322 -0.00105957827
v -0.00016077132 -0.00972297322 -0.00402351283
v -0.00016077132 -0.00972297322 -0.00402351283
v 0.000303001434 -0.00972297322 -0.00105957827
v -5.71656092e-05 -0.0104958219 -0.00100322219
v -0.00016077132 -0.00972297322 -0.00402351283
v -5.71656092e-05 -0.0104958219 -0.00100322219
v -0.000520938367 -0.0104958219 -0.00396715663
v -0.000520938367 -0.0104958219 -0.00396715663
v -5.71656092e-05 -0.0104958219 -0.00100322219
v -0.000397273892 -0.01049989 -0.000950004789
v -0.000520938367 -0.0104958219 -0.00396715663
v -0.000397273892 -0.01049989 -0.000950004789
v -0.000861046661 -0.01049989 -0.003913939
v -0.000861046661 -0.01049989 -0.003913939
v -0.000397273892 -0.01049989 -0.000950004789
v -0.000737330643 -0.0104926629 -0.00089679542
v -0.000861046661 -0.01049989 -0.003913939
v -0.000737330643 -0.0104926629 -0.00089679542
v -0.00120110344 -0.0104926629 -0.00386072975
v -0.00120110344 -0.0104926629 -0.00386072975
v -0.000737330643 -0.0104926629 -0.00089679542
v -0.00106002274 -0.00980175566 -0.000846303126
v -0.00120110344 -0.0104926629 -0.00386072975
v -0.00106002274 -0.00980175566 -0.000846303126
v -0.00152379554 -0.00980175566 -0.00381023739
v -0.00152379554 -0.00980175566 -0.00381023739
v -0.00106002274 -0.00980175566 -0.000846303126
v -0.00124029396 -0.00909094047 -0.000818095752
v -0.00152379554 -0.00980175566 -0.00381023739
v -0.00124029396 -0.00909094047 -0.000818095752
v -0.00170406676 -0.00909094047 -0.00378202996
v -0.00170406676 -0.00909094047 -0.00378202996
v -0.00124029396 -0.00909094047 -0.000818095752
v -0.00124920078 -0.00888067018 -0.000816702086
v -0.00170406676 -0.00909094047 -0.00378202996
v -0.00124920078 -0.00888067018 -0.000816702086
v -0.00171297358 -0.00888067018 -0.00378063647
v -0.00171297358 -0.00888067018 -0.00378063647
v -0.00124920078 -0.00888067018 -0.000816702086
v -0.00124638155 -0.0086486144 -0.000817143242
v -0.00171297358 -0.00888067018 -0.00378063647
v -0.00124638155 -0.0086486144 -0.000817143242
v -0.00171015435 -0.0086486144 -0.00378107745
v -0.00171015435 -0.0086486144 -0.00378107745
v -0.00124638155 -0.0086486144 -0.000817143242
v -0.00132478378 -0.00835756492 -0.000804875453
v -0.00171015435 -0.0086486144 -0.00378107745
v -0.00132478378 -0.00835756492 -0.000804875453
v -0.00178855646 -0.00835756492 -0.00376880984
v -0.00178855646 -0.00835756492 -0.00376880984
v -0.00132478378 -0.00835756492 -0.000804875453
v -0.00144923641 -0.00821350049 -0.000785402139
v -0.00178855646 -0.00835756492 -0.00376880984
v -0.00144923641 -0.00821350049 -0.000785402139
v -0.0019130091 -0.00821350049 -0.00374933635
v -0.0019130091 -0.00821350049 -0.00374933635
v -0.00144923641 -0.00821350049 -0.000785402139
v -0.00159654499 -0.00815288257 -0.000762352429
v -0.0019130091 -0.00821350049 -0.00374933635
v -0.00159654499 -0.00815288257 -0.000762352429
v -0.00206031767 -0.00815288257 -0.00372628681
v -0.00232309848 -0.00810725521 -0.00368516892
v -0.00206031767 -0.00815288257 -0.00372628681
v -0.0018593258 -0.00810725521 -0.000721234595
v -0.0018593258 -0.00810725521 -0.000721234595
v -0.00206031767 -0.00815288257 -0.00372628681
v -0.00159654499 -0.00815288257 -0.000762352429
v -0.00232309848 -0.00810725521 -0.00368516892
v -0.0018593258 -0.00810725521 -0.000721234595
v -0.00190774654 -0.00810162257 -0.000713658112
v -0.00232309848 -0.00810725521 -0.00368516892
v -0.00190774654 -0.00810162257 -0.000713658112
v -0.00237151934 -0.00810162257 -0.00367759238
v -0.00237151934 -0.00810162257 -0.00367759238
v -0.00190774654 -0.00810162257 -0.000713658112
v -0.00207424536 -0.00813555252 -0.000687605701
v -0.00237151934 -0.00810162257 -0.00367759238
v -0.00207424536 -0.00813555252 -0.000687605701
v -0.00253801816 -0.00813555252 -0.00365154003
v -0.00253801816 -0.00813555252 -0.00365154003
v -0.00207424536 -0.00813555252 -0.000687605701
v -0.00224442454 -0.00827398431 -0.000660977385
v -0.00253801816 -0.00813555252 -0.00365154003
v -0.00224442454 -0.00827398431 -0.000660977385
v -0.00270819734 -0.00827398431 -0.00362491165
v -0.00270819734 -0.00827398431 -0.00362491165
v -0.00224442454 -0.00827398431 -0.000660977385
v -0.00242651394 -0.00867618155 -0.000632485491
v -0.00270819734 -0.00827398431 -0.00362491165
v -0.00242651394 -0.00867618155 -0.000632485491
v -0.00289028673 -0.00867618155 -0.00359641993
v -0.00289028673 -0.00867618155 -0.00359641993
v -0.00242651394 -0.00867618155 -0.000632485491
v -0.00254736724 -0.00895587634 -0.000613575394
v -0.00289028673 -0.00867618155 -0.00359641993
v -0.00254736724 -0.00895587634 -0.000613575394
v -0.00301113981 -0.00895587634 -0.00357750966
v -0.00301113981 -0.00895587634 -0.00357750966
v -0.00254736724 -0.00895587634 -0.000613575394
v -0.00285145058 -0.00941064488 -0.000565994822
v -0.00301113981 -0.00895587634 -0.00357750966
v -0.00285145058 -0.00941064488 -0.000565994822
v -0.00331522338 -0.00941064488 -0.00352992909
v -0.00331522338 -0.00941064488 -0.00352992909
v -0.00285145058 -0.00941064488 -0.000565994822
v -0.00344003737 -0.0100232465 -0.000473897497
v -0.00331522338 -0.00941064488 -0.00352992909
v -0.00344003737 -0.0100232465 -0.000473897497
v -0.00390381017 -0.0100232465 -0.00343783177
v -0.00390381017 -0.0100232465 -0.00343783177
v -0.00344003737 -0.0100232465 -0.000473897497
v -0.00376301655 -0.00991531741 -0.000423360296
v -0.00390381017 -0.0100232465 -0.00343783177
v -0.00376301655 -0.00991531741 -0.000423360296
v -0.00422678934 -0.00991531741 -0.00338729471
v -0.00422678934 -0.00991531741 -0.00338729471
v -0.00376301655 -0.00991531741 -0.000423360296
v -0.00408233004 -0.00979671907 -0.000373396673
v -0.00422678934 -0.00991531741 -0.00338729471
v -0.00408233004 -0.00979671907 -0.000373396673
v -0.0045461026 -0.00979671907 -0.00333733088
v -0.0045461026 -0.00979671907 -0.00333733088
v -0.00408233004 -0.00979671907 -0.000373396673
v -0.00416589947 -0.00903719198 -0.00036032038
v -0.0045461026 -0.00979671907 -0.00333733088
v -0.00416589947 -0.00903719198 -0.00036032038
v -0.0046296725 -0.00903719198 -0.00332425465
v -0.0046296725 -0.00903719198 -0.00332425465
v -0.00416589947 -0.00903719198 -0.00036032038
v -0.00410837308 -0.00830564927 -0.000369321642
v -0.0046296725 -0.00903719198 -0.00332425465
v -0.00410837308 -0.00830564927 -0.000369321642
v -0.00457214611 -0.00830564927 -0.00333325588
v -0.00457214611 -0.00830564927 -0.00333325588
v -0.00410837308 -0.00830564927 -0.000369321642
v -0.00404933793 -0.00810384285 -0.000378558994
v -0.00457214611 -0.00830564927 -0.00333325588
v -0.00404933793 -0.00810384285 -0.000378558994
v -0.0045131105 -0.00810384285 -0.0033424932
v -0.0045131105 -0.00810384285 -0.0033424932
v -0.00404933793 -0.00810384285 -0.000378558994
v -0.00397223141 -0.00788528752 -0.000390624045
v -0.0045131105 -0.00810384285 -0.0033424932
v -0.00397223141 -0.00788528752 -0.000390624045
v -0.00443600398 -0.00788528752 -0.00335455826
v -0.00443600398 -0.00788528752 -0.00335455826
v -0.00397223141 -0.00788528752 -0.000390624045
v -0.00395301916 -0.00758423982 -0.000393630209
v -0.00443600398 -0.00788528752 -0.00335455826
v -0.00395301916 -0.00758423982 -0.000393630209
v -0.00441679172 -0.00758423982 -0.00335756456
v -0.00441679172 -0.00758423982 -0.00335756456
v -0.00395301916 -0.00758423982 -0.000393630209
v -0.00402451633 -0.00740707992 -0.000382442842
v -0.00441679172 -0.00758423982 -0.00335756456
v -0.00402451633 -0.00740707992 -0.000382442842
v -0.00448828936 -0.00740707992 -0.00334637705
v -0.00448828936 -0.00740707992 -0.00334637705
v -0.00402451633 -0.00740707992 -0.000382442842
v -0.00414439803 -0.00730134128 -0.000363684754
v -0.00448828936 -0.00740707992 -0.00334637705
v -0.00414439803 -0.00730134128 -0.000363684754
v -0.0046081706 -0.00730134128 -0.00332761905
v -0.00484207412 -0.00717182038 -0.0032910197
v -0.0046081706 -0.00730134128 -0.00332761905
v -0.00437830156 -0.00717182038 -0.000327085378
v -0.00437830156 -0.00717182038 -0.000327085378
v -0.0046081706 -0.00730134128 -0.00332761905
v -0.00414439803 -0.00730134128 -0.000363684754
v -0.00484207412 -0.00717182038 -0.0032910197
v -0.00437830156 -0.00717182038 -0.000327085378
v -0.00442229118 -0.00715057133 -0.000320202293
v -0.00484207412 -0.00717182038 -0.0032910197
v -0.00442229118 -0.00715057133 -0.000320202293
v -0.00488606375 -0.00715057133 -0.00328413653
v -0.00488606375 -0.00715057133 -0.00328413653
v -0.00442229118 -0.00715057133 -0.000320202293
v -0.0045906594 -0.00712795136 -0.000293857331
v -0.00488606375 -0.00715057133 -0.00328413653
v -0.0045906594 -0.00712795136 -0.000293857331
v -0.00505443243 -0.00712795136 -0.00325779174
v -0.00505443243 -0.00712795136 -0.00325779174
v -0.0045906594 -0.00712795136 -0.000293857331
v -0.00479602441 -0.00720294891 -0.000261723471
v -0.00505443243 -0.00712795136 -0.00325779174
v -0.00479602441 -0.00720294891 -0.000261723471
v -0.00525979698 -0.00720294891 -0.00322565786
v -0.00525979698 -0.00720294891 -0.00322565786
v -0.00479602441 -0.00720294891 -0.000261723471
v -0.00509726629 -0.00752351759 -0.000214587504
v -0.00525979698 -0.00720294891 -0.00322565786
v -0.00509726629 -0.00752351759 -0.000214587504
v -0.00556103932 -0.00752351759 -0.00317852176
v -0.00556103932 -0.00752351759 -0.00317852176
v -0.00509726629 -0.00752351759 -0.000214587504
v -0.00530129904 -0.00774833141 -0.000182662116
v -0.00556103932 -0.00752351759 -0.00317852176
v -0.00530129904 -0.00774833141 -0.000182662116
v -0.00576507207 -0.00774833141 -0.00314659649
v -0.00576507207 -0.00774833141 -0.00314659649
v -0.00530129904 -0.00774833141 -0.000182662116
v -0.00573479664 -0.00807852577 -0.000114831892
v -0.00576507207 -0.00774833141 -0.00314659649
v -0.00573479664 -0.00807852577 -0.000114831892
v -0.0061985692 -0.00807852577 -0.00307876617
v -0.0061985692 -0.00807852577 -0.00307876617
v -0.00573479664 -0.00807852577 -0.000114831892
v -0.00648800517 -0.00846449565 3.02413923e-06
v -0.0061985692 -0.00807852577 -0.00307876617
v -0.00648800517 -0.00846449565 3.02413923e-06
v -0.00695177773 -0.00846449565 -0.00296091009
v -0.00695177773 -0.00846449565 -0.00296091009
v -0.00648800517 -0.00846449565 3.02413923e-06
v -0.00675886078 -0.00825626682 4.54055007e-05
v -0.00695177773 -0.00846449565 -0.00296091009
v -0.00675886078 -0.00825626682 4.54055007e-05
v -0.00722263381 -0.00825626682 -0.00291852886
v -0.00722263381 -0.00825626682 -0.00291852886
v -0.00675886078 -0.00825626682 4.54055007e-05
v -0.00702283392 -0.00803915691 8.6709937e-05
v -0.00722263381 -0.00825626682 -0.00291852886
v -0.00702283392 -0.00803915691 8.6709937e-05
v -0.00748660695 -0.00803915691 -0.00287722447
v -0.00748660695 -0.00803915691 -0.00287722447
v -0.00702283392 -0.00803915691 8.6709937e-05
v -0.00685821986 -0.00729330955 6.09523995e-05
v -0.00748660695 -0.00803915691 -0.00287722447
v -0.00685821986 -0.00729330955 6.09523995e-05
v -0.00732199242 -0.00729330955 -0.00290298183
v -0.00732199242 -0.00729330955 -0.00290298183
v -0.00685821986 -0.00729330955 6.09523995e-05
v -0.00656913081 -0.00662031351 1.57180457e-05
v -0.00732199242 -0.00729330955 -0.00290298183
v -0.00656913081 -0.00662031351 1.57180457e-05
v -0.00703290338 -0.00662031351 -0.00294821616
v -0.00703290338 -0.00662031351 -0.00294821616
v -0.00656913081 -0.00662031351 1.57180457e-05
v -0.00644855713 -0.00644884584 -3.14831777e-06
v -0.00703290338 -0.00662031351 -0.00294821616
v -0.00644855713 -0.00644884584 -3.14831777e-06
v -0.00691233017 -0.00644884584 -0.00296708266
v -0.00691233017 -0.00644884584 -0.00296708266
v -0.00644855713 -0.00644884584 -3.14831777e-06
v -0.00630551809 -0.00626746891 -2.55299528e-05
v -0.00691233017 -0.00644884584 -0.00296708266
v -0.00630551809 -0.00626746891 -2.55299528e-05
v -0.00676929066 -0.00626746891 -0.00298946421
v -0.00676929066 -0.00626746891 -0.00298946421
v -0.00630551809 -0.00626746891 -2.55299528e-05
v -0.0061907745 -0.00598905561 -4.34840949e-05
v -0.00676929066 -0.00626746891 -0.00298946421
v -0.0061907745 -0.00598905561 -4.34840949e-05
v -0.00665454753 -0.00598905561 -0.00300741848
v -0.00665454753 -0.00598905561 -0.00300741848
v -0.0061907745 -0.00598905561 -4.34840949e-05
v -0.00620156573 -0.00579799293 -4.17955671e-05
v -0.00665454753 -0.00598905561 -0.00300741848
v -0.00620156573 -0.00579799293 -4.17955671e-05
v -0.00666533876 -0.00579799293 -0.00300572999
v -0.00666533876 -0.00579799293 -0.00300572999
v -0.00620156573 -0.00579799293 -4.17955671e-05
v -0.00628102804 -0.00565857766 -2.93619669e-05
v -0.00666533876 -0.00579799293 -0.00300572999
v -0.00628102804 -0.00565857766 -2.93619669e-05
v -0.0067448006 -0.00565857766 -0.00299329637
v -0.00692447554 -0.00545920013 -0.00296518207
v -0.0067448006 -0.00565857766 -0.00299329637
v -0.00646070298 -0.00545920013 -1.24785981e-06
v -0.00646070298 -0.00545920013 -1.24785981e-06
v -0.0067448006 -0.00565857766 -0.00299329637
v -0.00628102804 -0.00565857766 -2.93619669e-05
v -0.00692447554 -0.00545920013 -0.00296518207
v -0.00646070298 -0.00545920013 -1.24785981e-06
v -0.00649549859 -0.00542465923 4.19666412e-06
v -0.00692447554 -0.00545920013 -0.00296518207
v -0.00649549859 -0.00542465923 4.19666412e-06
v -0.00695927115 -0.00542465923 -0.00295973755
v -0.00695927115 -0.00542465923 -0.00295973755
v -0.00649549859 -0.00542465923 4.19666412e-06
v -0.00664748857 -0.00534791825 2.79788783e-05
v -0.00695927115 -0.00542465923 -0.00295973755
v -0.00664748857 -0.00534791825 2.79788783e-05
v -0.0071112616 -0.00534791825 -0.00293595553
v -0.0071112616 -0.00534791825 -0.00293595553
v -0.00664748857 -0.00534791825 2.79788783e-05
v -0.0068657794 -0.00535136042 6.21352883e-05
v -0.0071112616 -0.00534791825 -0.00293595553
v -0.0068657794 -0.00535136042 6.21352883e-05
v -0.00732955243 -0.00535136042 -0.00290179905
v -0.00732955243 -0.00535136042 -0.00290179905
v -0.0068657794 -0.00535136042 6.21352883e-05
v -0.00725354301 -0.00555556593 0.000122809419
v -0.00732955243 -0.00535136042 -0.00290179905
v -0.00725354301 -0.00555556593 0.000122809419
v -0.00771731557 -0.00555556593 -0.00284112478
v -0.00771731557 -0.00555556593 -0.00284112478
v -0.00725354301 -0.00555556593 0.000122809419
v -0.00751863513 -0.00570113538 0.000164288926
v -0.00771731557 -0.00555556593 -0.00284112478
v -0.00751863513 -0.00570113538 0.000164288926
v -0.0079824077 -0.00570113538 -0.0027996453
v -0.0079824077 -0.00570113538 -0.0027996453
v -0.00751863513 -0.00570113538 0.000164288926
v -0.00803456828 -0.00587096391 0.000245018076
v -0.0079824077 -0.00570113538 -0.0027996453
v -0.00803456828 -0.00587096391 0.000245018076
v -0.00849834178 -0.00587096391 -0.00271891616
v -0.00849834178 -0.00587096391 -0.00271891616
v -0.00803456828 -0.00587096391 0.000245018076
v -0.00887079444 -0.00598848937 0.000375864038
v -0.00849834178 -0.00587096391 -0.00271891616
v -0.00887079444 -0.00598848937 0.000375864038
v -0.009334567 -0.00598848937 -0.00258807023
v -0.009334567 -0.00598848937 -0.00258807023
v -0.00887079444 -0.00598848937 0.000375864038
v -0.00906017143 -0.00570252119 0.00040549619
v -0.009334567 -0.00598848937 -0.00258807023
v -0.00906017143 -0.00570252119 0.00040549619
v -0.009523944 -0.00570252119 -0.00255843811
v -0.009523944 -0.00570252119 -0.00255843811
v -0.00906017143 -0.00570252119 0.00040549619
v -0.00924018491 -0.00541041372 0.000433663285
v -0.009523944 -0.00570252119 -0.00255843811
v -0.00924018491 -0.00541041372 0.000433663285
v -0.00970395748 -0.00541041372 -0.00253027095
v -0.00970395748 -0.00541041372 -0.00253027095
v -0.00924018491 -0.00541041372 0.000433663285
v -0.00884522963 -0.00475908397 0.000371863862
v -0.00970395748 -0.00541041372 -0.00253027095
v -0.00884522963 -0.00475908397 0.000371863862
v -0.0093090022 -0.00475908397 -0.00259207049
v -0.0093090022 -0.00475908397 -0.00259207049
v -0.00884522963 -0.00475908397 0.000371863862
v -0.00835591368 -0.00421756087 0.000295299571
v -0.0093090022 -0.00475908397 -0.00259207049
v -0.00835591368 -0.00421756087 0.000295299571
v -0.00881968625 -0.00421756087 -0.00266863476
v -0.00881968625 -0.00421756087 -0.00266863476
v -0.00835591368 -0.00421756087 0.000295299571
v -0.00818686839 -0.00409501372 0.000268848671
v -0.00881968625 -0.00421756087 -0.00266863476
v -0.00818686839 -0.00409501372 0.000268848671
v -0.00865064096 -0.00409501372 -0.00269508571
v -0.00865064096 -0.00409501372 -0.00269508571
v -0.00818686839 -0.00409501372 0.000268848671
v -0.00799339078 -0.00397046981 0.000238574954
v -0.00865064096 -0.00409501372 -0.00269508571
v -0.00799339078 -0.00397046981 0.000238574954
v -0.00845716428 -0.00397046981 -0.00272535929
v -0.00845716428 -0.00397046981 -0.00272535929
v -0.00799339078 -0.00397046981 0.000238574954
v -0.007795549 -0.00374485133 0.000207618214
v -0.00845716428 -0.00397046981 -0.00272535929
v -0.007795549 -0.00374485133 0.000207618214
v -0.00825932156 -0.00374485133 -0.00275631598
v -0.00825932156 -0.00374485133 -0.00275631598
v -0.007795549 -0.00374485133 0.000207618214
v -0.00774446363 -0.00356059847 0.000199624774
v -0.00825932156 -0.00374485133 -0.00275631598
v -0.00774446363 -0.00356059847 0.000199624774
v -0.00820823666 -0.00356059847 -0.00276430952
v -0.00820823666 -0.00356059847 -0.00276430952
v -0.00774446363 -0.00356059847 0.000199624774
v -0.00777490158 -0.00340263126 0.000204387441
v -0.00820823666 -0.00356059847 -0.00276430952
v -0.00777490158 -0.00340263126 0.000204387441
v -0.00823867414 -0.00340263126 -0.00275954697
v -0.0083446512 -0.00315498887 -0.00274296454
v -0.00823867414 -0.00340263126 -0.00275954697
v -0.0078808777 -0.00315498887 0.0002209698
v -0.0078808777 -0.00315498887 0.0002209698
v -0.00823867414 -0.00340263126 -0.00275954697
v -0.00777490158 -0.00340263126 0.000204387441
v -0.0083446512 -0.00315498887 -0.00274296454
v -0.0078808777 -0.00315498887 0.0002209698
v -0.00790270325 -0.00311088143 0.000224384858
v -0.0083446512 -0.00315498887 -0.00274296454
v -0.00790270325 -0.00311088143 0.000224384858
v -0.00836647581 -0.00311088143 -0.00273954938
v -0.00836647581 -0.00311088143 -0.00273954938
v -0.00790270325 -0.00311088143 0.000224384858
v -0.00802184176 -0.00298836408 0.000243026632
v -0.00836647581 -0.00311088143 -0.00273954938
v -0.00802184176 -0.00298836408 0.000243026632
v -0.00848561432 -0.00298836408 -0.0027209078
v -0.00848561432 -0.00298836408 -0.0027209078
v -0.00802184176 -0.00298836408 0.000243026632
v -0.00822941493 -0.00291987834 0.000275506027
v -0.00848561432 -0.00298836408 -0.0027209078
v -0.00822941493 -0.00291987834 0.000275506027
v -0.0086931875 -0.00291987834 -0.00268842839
v -0.0086931875 -0.00291987834 -0.00268842839
v -0.00822941493 -0.00291987834 0.000275506027
v -0.00866166782 -0.00298557756 0.000343141583
v -0.0086931875 -0.00291987834 -0.00268842839
v -0.00866166782 -0.00298557756 0.000343141583
v -0.00912544131 -0.00298557756 -0.00262079271
v -0.00912544131 -0.00298557756 -0.00262079271
v -0.00866166782 -0.00298557756 0.000343141583
v -0.00895910431 -0.0030361372 0.000389682071
v -0.00912544131 -0.00298557756 -0.00262079271
v -0.00895910431 -0.0030361372 0.000389682071
v -0.0094228778 -0.0030361372 -0.0025742522
v -0.0094228778 -0.0030361372 -0.0025742522
v -0.00895910431 -0.0030361372 0.000389682071
v -0.00950156711 -0.00302721141 0.000474562286
v -0.0094228778 -0.0030361372 -0.0025742522
v -0.00950156711 -0.00302721141 0.000474562286
v -0.00996533968 -0.00302721141 -0.00248937192
v -0.00996533968 -0.00302721141 -0.00248937192
v -0.00950156711 -0.00302721141 0.000474562286
v -0.0103301741 -0.00286353705 0.000604216126
v -0.00996533968 -0.00302721141 -0.00248937192
v -0.0103301741 -0.00286353705 0.000604216126
v -0.0107939476 -0.00286353705 -0.00235971808
v -0.0107939476 -0.00286353705 -0.00235971808
v -0.0103301741 -0.00286353705 0.000604216126
v -0.0104175573 -0.00253082393 0.000617889047
v -0.0107939476 -0.00286353705 -0.00235971808
v -0.0104175573 -0.00253082393 0.000617889047
v -0.0108813299 -0.00253082393 -0.00234604534
v -0.0108813299 -0.00253082393 -0.00234604534
v -0.0104175573 -0.00253082393 0.000617889047
v -0.0104941186 -0.00219538389 0.000629868882
v -0.0108813299 -0.00253082393 -0.00234604534
v -0.0104941186 -0.00219538389 0.000629868882
v -0.0109578921 -0.00219538389 -0.0023340655
v -0.0109578921 -0.00219538389 -0.0023340655
v -0.0104941186 -0.00219538389 0.000629868882
v -0.00991161261 -0.00170914398 0.000538722903
v -0.0109578921 -0.00219538389 -0.0023340655
v -0.00991161261 -0.00170914398 0.000538722903
v -0.0103753852 -0.00170914398 -0.00242521148
v -0.0103753852 -0.00170914398 -0.00242521148
v -0.00991161261 -0.00170914398 0.000538722903
v -0.00927509088 -0.0013577746 0.000439125084
v -0.0103753852 -0.00170914398 -0.00242521148
v -0.00927509088 -0.0013577746 0.000439125084
v -0.00973886345 -0.0013577746 -0.00252480921
v -0.00973886345 -0.0013577746 -0.00252480921
v -0.00927509088 -0.0013577746 0.000439125084
v -0.0090758875 -0.0012974249 0.00040795526
v -0.00973886345 -0.0013577746 -0.00252480921
v -0.0090758875 -0.0012974249 0.00040795526
v -0.00953966007 -0.0012974249 -0.00255597895
v -0.00953966007 -0.0012974249 -0.00255597895
v -0.0090758875 -0.0012974249 0.00040795526
v -0.00885294378 -0.00124321447 0.000373070914
v -0.00953966007 -0.0012974249 -0.00255597895
v -0.00885294378 -0.00124321447 0.000373070914
v -0.00931671727 -0.00124321447 -0.00259086327
v -0.00931671727 -0.00124321447 -0.00259086327
v -0.00885294378 -0.00124321447 0.000373070914
v -0.00859344658 -0.00109484361 0.000332466792
v -0.00931671727 -0.00124321447 -0.00259086327
v -0.00859344658 -0.00109484361 0.000332466792
v -0.00905721914 -0.00109484361 -0.00263146753
v -0.00905721914 -0.00109484361 -0.00263146753
v -0.00859344658 -0.00109484361 0.000332466792
v -0.008486012 -0.000937353296 0.000315656362
v -0.00905721914 -0.00109484361 -0.00263146753
v -0.008486012 -0.000937353296 0.000315656362
v -0.00894978549 -0.000937353296 -0.00264827791
v -0.00894978549 -0.000937353296 -0.00264827791
v -0.008486012 -0.000937353296 0.000315656362
v -0.00846412778 -0.000777940673 0.000312232092
v -0.00894978549 -0.000937353296 -0.00264827791
v -0.00846412778 -0.000777940673 0.000312232092
v -0.00892790034 -0.000777940673 -0.00265170215
v -0.00894869585 -0.000508900208 -0.00264844834
v -0.00892790034 -0.000777940673 -0.00265170215
v -0.00848492328 -0.000508900208 0.000315485901
v -0.00848492328 -0.000508900208 0.000315485901
v -0.00892790034 -0.000777940673 -0.00265170215
v -0.00846412778 -0.000777940673 0.000312232092
v -0.00894869585 -0.000508900208 -0.00264844834
v -0.00848492328 -0.000508900208 0.000315485901
v -0.00849142298 -0.000460009498 0.000316502934
v -0.00894869585 -0.000508900208 -0.00264844834
v -0.00849142298 -0.000460009498 0.000316502934
v -0.00895519555 -0.000460009498 -0.00264743133
v -0.00895519555 -0.000460009498 -0.00264743133
v -0.00849142298 -0.000460009498 0.000316502934
v -0.00856479723 -0.000304962916 0.000327984017
v -0.00895519555 -0.000460009498 -0.00264743133
v -0.00856479723 -0.000304962916 0.000327984017
v -0.0090285698 -0.000304962916 -0.00263595022
v -0.0090285698 -0.000304962916 -0.00263595022
v -0.00856479723 -0.000304962916 0.000327984017
v -0.00873915013 -0.000171970052 0.000355265365
v -0.0090285698 -0.000304962916 -0.00263595022
v -0.00873915013 -0.000171970052 0.000355265365
v -0.00920292269 -0.000171970052 -0.00260866899
v -0.00920292269 -0.000171970052 -0.00260866899
v -0.00873915013 -0.000171970052 0.000355265365
v -0.0091690626 -9.20402163e-05 0.000422534649
v -0.00920292269 -0.000171970052 -0.00260866899
v -0.0091690626 -9.20402163e-05 0.000422534649
v -0.00963283516 -9.20402163e-05 -0.00254139956
v -0.00963283516 -9.20402163e-05 -0.00254139956
v -0.0091690626 -9.20402163e-05 0.000422534649
v -0.00946659502 -4.21213299e-05 0.000469090126
v -0.00963283516 -9.20402163e-05 -0.00254139956
v -0.00946659502 -4.21213299e-05 0.000469090126
v -0.00993036758 -4.21213299e-05 -0.00249484414
v -0.00993036758 -4.21213299e-05 -0.00249484414
v -0.00946659502 -4.21213299e-05 0.000469090126
v -0.00997680146 0.000144605117 0.000548923155
v -0.00993036758 -4.21213299e-05 -0.00249484414
v -0.00997680146 0.000144605117 0.000548923155
v -0.010440574 0.000144605117 -0.00241501117
v -0.010440574 0.000144605117 -0.00241501117
v -0.00997680146 0.000144605117 0.000548923155
v -0.010708008 0.000571732002 0.000663336483
v -0.010440574 0.000144605117 -0.00241501117
v -0.010708008 0.000571732002 0.000663336483
v -0.0111717805 0.000571732002 -0.00230059773
v -0.0111717805 0.000571732002 -0.00230059773
v -0.010708008 0.000571732002 0.000663336483
v -0.010683923 0.000915144163 0.000659567828
v -0.0111717805 0.000571732002 -0.00230059773
v -0.010683923 0.000915144163 0.000659567828
v -0.0111476956 0.000915144163 -0.00230436656
v -0.0111476956 0.000915144163 -0.00230436656
v -0.010683923 0.000915144163 0.000659567828
v -0.0106487293 0.001257558 0.000654061092
v -0.0111476956 0.000915144163 -0.00230436656
v -0.0106487293 0.001257558 0.000654061092
v -0.0111125028 0.001257558 -0.00230987323
v -0.0111125028 0.001257558 -0.00230987323
v -0.0106487293 0.001257558 0.000654061092
v -0.00994180702 0.00152601732 0.000543447561
v -0.0111125028 0.001257558 -0.00230987323
v -0.00994180702 0.00152601732 0.000543447561
v -0.0104055805 0.00152601732 -0.00242048665
v -0.0104055805 0.00152601732 -0.00242048665
v -0.00994180702 0.00152601732 0.000543447561
v -0.00922705326 0.00164914562 0.000431608496
v -0.0104055805 0.00152601732 -0.00242048665
v -0.00922705326 0.00164914562 0.000431608496
v -0.00969082583 0.00164914562 -0.00253232592
v -0.00969082583 0.00164914562 -0.00253232592
v -0.00922705326 0.00164914562 0.000431608496
v -0.00901928078 0.00164077117 0.000399097975
v -0.00969082583 0.00164914562 -0.00253232592
v -0.00901928078 0.00164077117 0.000399097975
v -0.00948305335 0.00164077117 -0.00256483629
v -0.00948305335 0.00164077117 -0.00256483629
v -0.00901928078 0.00164077117 0.000399097975
v -0.00879103038 0.00161876215 0.000363383209
v -0.00948305335 0.00164077117 -0.00256483629
v -0.00879103038 0.00161876215 0.000363383209
v -0.00925480295 0.00161876215 -0.00260055112
v -0.00925480295 0.00161876215 -0.00260055112
v -0.00879103038 0.00161876215 0.000363383209
v -0.00849798881 0.00167380704 0.000317530328
v -0.00925480295 0.00161876215 -0.00260055112
v -0.00849798881 0.00167380704 0.000317530328
v -0.00896176137 0.00167380704 -0.00264640409
v -0.00896176137 0.00167380704 -0.00264640409
v -0.00849798881 0.00167380704 0.000317530328
v -0.00834586564 0.0017874582 0.000293727382
v -0.00896176137 0.00167380704 -0.00264640409
v -0.00834586564 0.0017874582 0.000293727382
v -0.00880963914 0.0017874582 -0.00267020683
v -0.00880963914 0.0017874582 -0.00267020683
v -0.00834586564 0.0017874582 0.000293727382
v -0.00827402249 0.00193104579 0.000282485882
v -0.00880963914 0.0017874582 -0.00267020683
v -0.00827402249 0.00193104579 0.000282485882
v -0.00873779505 0.00193104579 -0.00268144836
v -0.00867115613 0.00219233753 -0.00269187568
v -0.00873779505 0.00193104579 -0.00268144836
v -0.00820738357 0.00219233753 0.000272058707
v -0.00820738357 0.00219233753 0.000272058707
v -0.00873779505 0.00193104579 -0.00268144836
v -0.00827402249 0.00193104579 0.000282485882
v -0.00867115613 0.00219233753 -0.00269187568
v -0.00820738357 0.00219233753 0.000272058707
v -0.0081978431 0.0022407216 0.000270566001
v -0.00867115613 0.00219233753 -0.00269187568
v -0.0081978431 0.0022407216 0.000270566001
v -0.00866161566 0.0022407216 -0.00269336835
v -0.00866161566 0.0022407216 -0.00269336835
v -0.0081978431 0.0022407216 0.000270566001
v -0.0082175117 0.00241147401 0.000273643585
v -0.00866161566 0.0022407216 -0.00269336835
v -0.0082175117 0.00241147401 0.000273643585
v -0.00868128426 0.00241147401 -0.0026902908
v -0.00868128426 0.00241147401 -0.0026902908
v -0.0082175117 0.00241147401 0.000273643585
v -0.00833974872 0.00259456458 0.000292770244
v -0.00868128426 0.00241147401 -0.0026902908
v -0.00833974872 0.00259456458 0.000292770244
v -0.00880352128 0.00259456458 -0.00267116399
v -0.00880352128 0.00259456458 -0.00267116399
v -0.00833974872 0.00259456458 0.000292770244
v -0.00872072577 0.00281145098 0.000352382427
v -0.00880352128 0.00259456458 -0.00267116399
v -0.00872072577 0.00281145098 0.000352382427
v -0.00918449834 0.00281145098 -0.0026115519
v -0.00918449834 0.00281145098 -0.0026115519
v -0.00872072577 0.00281145098 0.000352382427
v -0.00898612663 0.00295645418 0.000393910304
v -0.00918449834 0.00281145098 -0.0026115519
v -0.00898612663 0.00295645418 0.000393910304
v -0.00944990013 0.00295645418 -0.00257002399
v -0.00944990013 0.00295645418 -0.00257002399
v -0.00898612663 0.00295645418 0.000393910304
v -0.00940878876 0.00330074551 0.000460045092
v -0.00944990013 0.00295645418 -0.00257002399
v -0.00940878876 0.00330074551 0.000460045092
v -0.00987256132 0.00330074551 -0.00250388915
v -0.00987256132 0.00330074551 -0.00250388915
v -0.00940878876 0.00330074551 0.000460045092
v -0.00996335316 0.00394504191 0.000546818832
v -0.00987256132 0.00330074551 -0.00250388915
v -0.00996335316 0.00394504191 0.000546818832
v -0.0104271257 0.00394504191 -0.00241711549
v -0.0104271257 0.00394504191 -0.00241711549
v -0.00996335316 0.00394504191 0.000546818832
v -0.00983041339 0.00426193001 0.000526017451
v -0.0104271257 0.00394504191 -0.00241711549
v -0.00983041339 0.00426193001 0.000526017451
v -0.010294186 0.00426193001 -0.00243791682
v -0.010294186 0.00426193001 -0.00243791682
v -0.00983041339 0.00426193001 0.000526017451
v -0.00968727842 0.00457422854 0.00050362089
v -0.010294186 0.00426193001 -0.00243791682
v -0.00968727842 0.00457422854 0.00050362089
v -0.010151051 0.00457422854 -0.0024603135
v -0.010151051 0.00457422854 -0.0024603135
v -0.00968727842 0.00457422854 0.00050362089
v -0.00893253833 0.00459580543 0.000385525258
v -0.010151051 0.00457422854 -0.0024603135
v -0.00893253833 0.00459580543 0.000385525258
v -0.00939631183 0.00459580543 -0.00257840916
v -0.00939631183 0.00459580543 -0.00257840916
v -0.00893253833 0.00459580543 0.000385525258
v -0.00821701158 0.00447735609 0.000273565267
v -0.00939631183 0.00459580543 -0.00257840916
v -0.00821701158 0.00447735609 0.000273565267
v -0.00868078414 0.00447735609 -0.00269036903
v -0.00868078414 0.00447735609 -0.00269036903
v -0.00821701158 0.00447735609 0.000273565267
v -0.008023181 0.00440115156 0.000243236253
v -0.00868078414 0.00447735609 -0.00269036903
v -0.008023181 0.00440115156 0.000243236253
v -0.00848695356 0.00440115156 -0.00272069802
v -0.00848695356 0.00440115156 -0.00272069802
v -0.008023181 0.00440115156 0.000243236253
v -0.00781435613 0.00430532219 0.000210561047
v -0.00848695356 0.00440115156 -0.00272069802
v -0.00781435613 0.00430532219 0.000210561047
v -0.00827812962 0.00430532219 -0.00275337324
v -0.00827812962 0.00430532219 -0.00275337324
v -0.00781435613 0.00430532219 0.000210561047
v -0.00751954084 0.00426108064 0.000164430603
v -0.00827812962 0.00430532219 -0.00275337324
v -0.00751954084 0.00426108064 0.000164430603
v -0.00798331294 0.00426108064 -0.00279950374
v -0.00798331294 0.00426108064 -0.00279950374
v -0.00751954084 0.00426108064 0.000164430603
v -0.00733919581 0.00431856932 0.000136211675
v -0.00798331294 0.00426108064 -0.00279950374
v -0.00733919581 0.00431856932 0.000136211675
v -0.00780296838 0.00431856932 -0.00282772258
v -0.00780296838 0.00431856932 -0.00282772258
v -0.00733919581 0.00431856932 0.000136211675
v -0.00722518843 0.00443077506 0.000118372714
v -0.00780296838 0.00431856932 -0.00282772258
v -0.00722518843 0.00443077506 0.000118372714
v -0.00768896099 0.00443077506 -0.0028455616
v -0.00754210912 0.00465600612 -0.00286853989
v -0.00768896099 0.00443077506 -0.0028455616
v -0.00707833609 0.00465600612 9.53944545e-05
v -0.00707833609 0.00465600612 9.53944545e-05
v -0.00768896099 0.00443077506 -0.0028455616
v -0.00722518843 0.00443077506 0.000118372714
v -0.00754210912 0.00465600612 -0.00286853989
v -0.00707833609 0.00465600612 9.53944545e-05
v -0.00705379434 0.00469862344 9.15543787e-05
v -0.00754210912 0.00465600612 -0.00286853989
v -0.00705379434 0.00469862344 9.15543787e-05
v -0.00751756737 0.00469862344 -0.00287237996
v -0.00751756737 0.00469862344 -0.00287237996
v -0.00705379434 0.00469862344 9.15543787e-05
v -0.00701761525 0.00486660423 8.58933126e-05
v -0.00751756737 0.00469862344 -0.00287237996
v -0.00701761525 0.00486660423 8.58933126e-05
v -0.00748138782 0.00486660423 -0.00287804101
v -0.00748138782 0.00486660423 -0.00287804101
v -0.00701761525 0.00486660423 8.58933126e-05
v -0.0070745009 0.00507994415 9.47943699e-05
v -0.00748138782 0.00486660423 -0.00287804101
v -0.0070745009 0.00507994415 9.47943699e-05
v -0.00753827393 0.00507994415 -0.00286913989
v -0.00753827393 0.00507994415 -0.00286913989
v -0.0070745009 0.00507994415 9.47943699e-05
v -0.00736525375 0.00541028799 0.000140289034
v -0.00753827393 0.00507994415 -0.00286913989
v -0.00736525375 0.00541028799 0.000140289034
v -0.00782902632 0.00541028799 -0.00282364525
v -0.00782902632 0.00541028799 -0.00282364525
v -0.00736525375 0.00541028799 0.000140289034
v -0.00756975729 0.00563465478 0.000172288128
v -0.00782902632 0.00541028799 -0.00282364525
v -0.00756975729 0.00563465478 0.000172288128
v -0.00803352986 0.00563465478 -0.00279164617
v -0.00803352986 0.00563465478 -0.00279164617
v -0.00756975729 0.00563465478 0.000172288128
v -0.00785906706 0.00609919848 0.000217557041
v -0.00803352986 0.00563465478 -0.00279164617
v -0.00785906706 0.00609919848 0.000217557041
v -0.00832284056 0.00609919848 -0.00274637737
v -0.00832284056 0.00609919848 -0.00274637737
v -0.00785906706 0.00609919848 0.000217557041
v -0.00817690138 0.00689083757 0.000267289142
v -0.00832284056 0.00609919848 -0.00274637737
v -0.00817690138 0.00689083757 0.000267289142
v -0.00864067394 0.00689083757 -0.00269664521
v -0.00864067394 0.00689083757 -0.00269664521
v -0.00817690138 0.00689083757 0.000267289142
v -0.007949505 0.00714686932 0.000231707963
v -0.00864067394 0.00689083757 -0.00269664521
v -0.007949505 0.00714686932 0.000231707963
v -0.00841327757 0.00714686932 -0.00273222639
v -0.00841327757 0.00714686932 -0.00273222639
v -0.007949505 0.00714686932 0.000231707963
v -0.00771394512 0.00739519717 0.000194849446
v -0.00841327757 0.00714686932 -0.00273222639
v -0.00771394512 0.00739519717 0.000194849446
v -0.00817771815 0.00739519717 -0.00276908488
v -0.00817771815 0.00739519717 -0.00276908488
v -0.00771394512 0.00739519717 0.000194849446
v -0.00699317642 0.00716756703 8.20693676e-05
v -0.00817771815 0.00739519717 -0.00276908488
v -0.00699317642 0.00716756703 8.20693676e-05
v -0.00745694945 0.00716756703 -0.00288186502
v -0.00745694945 0.00716756703 -0.00288186502
v -0.00699317642 0.00716756703 8.20693676e-05
v -0.00635440974 0.00682038488 -1.78797454e-05
v -0.00745694945 0.00716756703 -0.00288186502
v -0.00635440974 0.00682038488 -1.78797454e-05
v -0.00681818277 0.00682038488 -0.00298181409
v -0.00681818277 0.00682038488 -0.00298181409
v -0.00635440974 0.00682038488 -1.78797454e-05
v -0.00619553728 0.0066846055 -4.27388877e-05
v -0.00681818277 0.00682038488 -0.00298181409
v -0.00619553728 0.0066846055 -4.27388877e-05
v -0.00665930985 0.0066846055 -0.00300667319
v -0.00665930985 0.0066846055 -0.00300667319
v -0.00619553728 0.0066846055 -4.27388877e-05
v -0.00602876581 0.00652534189 -6.88338987e-05
v -0.00665930985 0.0066846055 -0.00300667319
v -0.00602876581 0.00652534189 -6.88338987e-05
v -0.00649253884 0.00652534189 -0.00303276815
v -0.00649253884 0.00652534189 -0.00303276815
v -0.00602876581 0.00652534189 -6.88338987e-05
v -0.0057641156 0.00638659718 -0.000110244298
v -0.00649253884 0.00652534189 -0.00303276815
v -0.0057641156 0.00638659718 -0.000110244298
v -0.00622788817 0.00638659718 -0.0030741787
v -0.00622788817 0.00638659718 -0.0030741787
v -0.0057641156 0.00638659718 -0.000110244298
v -0.00557509949 0.00638170959 -0.00013982004
v -0.00622788817 0.00638659718 -0.0030741787
v -0.00557509949 0.00638170959 -0.00013982004
v -0.00603887206 0.00638170959 -0.00310375425
v -0.00603887206 0.00638170959 -0.00310375425
v -0.00557509949 0.00638170959 -0.00013982004
v -0.00543128001 0.00645035924 -0.000162323762
v -0.00603887206 0.00638170959 -0.00310375425
v -0.00543128001 0.00645035924 -0.000162323762
v -0.00589505257 0.00645035924 -0.00312625803
v -0.00568390219 0.00661513628 -0.00315929716
v -0.00589505257 0.00645035924 -0.00312625803
v -0.00522012915 0.00661513628 -0.000195362925
v -0.00522012915 0.00661513628 -0.000195362925
v -0.00589505257 0.00645035924 -0.00312625803
v -0.00543128001 0.00645035924 -0.000162323762
v -0.00568390219 0.00661513628 -0.00315929716
v -0.00522012915 0.00661513628 -0.000195362925
v -0.00518323574 0.0066473675 -0.000201135714
v -0.00568390219 0.00661513628 -0.00315929716
v -0.00518323574 0.0066473675 -0.000201135714
v -0.00564700877 0.0066473675 -0.00316506997
v -0.00564700877 0.0066473675 -0.00316506997
v -0.00518323574 0.0066473675 -0.000201135714
v -0.00509513915 0.00679435255 -0.000214920365
v -0.00564700877 0.0066473675 -0.00316506997
v -0.00509513915 0.00679435255 -0.000214920365
v -0.00555891218 0.00679435255 -0.00317885471
v -0.00555891218 0.00679435255 -0.00317885471
v -0.00509513915 0.00679435255 -0.000214920365
v -0.00508049829 0.00701483013 -0.000217211287
v -0.00555891218 0.00679435255 -0.00317885471
v -0.00508049829 0.00701483013 -0.000217211287
v -0.00554427085 0.00701483013 -0.00318114553
v -0.00554427085 0.00701483013 -0.00318114553
v -0.00508049829 0.00701483013 -0.000217211287
v -0.00524952915 0.00742282392 -0.000190762672
v -0.00554427085 0.00701483013 -0.00318114553
v -0.00524952915 0.00742282392 -0.000190762672
v -0.00571330171 0.00742282392 -0.0031546969
v -0.00571330171 0.00742282392 -0.0031546969
v -0.00524952915 0.00742282392 -0.000190762672
v -0.00537097128 0.0077022505 -0.000171760388
v -0.00571330171 0.00742282392 -0.0031546969
v -0.00537097128 0.0077022505 -0.000171760388
v -0.00583474385 0.0077022505 -0.00313569466
v -0.00583474385 0.0077022505 -0.00313569466
v -0.00537097128 0.0077022505 -0.000171760388
v -0.0054955855 0.00823671091 -0.000152261695
v -0.00583474385 0.0077022505 -0.00313569466
v -0.0054955855 0.00823671091 -0.000152261695
v -0.00595935853 0.00823671091 -0.00311619602
v -0.00595935853 0.00823671091 -0.00311619602
v -0.0054955855 0.00823671091 -0.000152261695
v -0.00554223964 0.0090899216 -0.000144961639
v -0.00595935853 0.00823671091 -0.00311619602
v -0.00554223964 0.0090899216 -0.000144961639
v -0.00600601267 0.0090899216 -0.00310889585
v -0.00600601267 0.0090899216 -0.00310889585
v -0.00554223964 0.0090899216 -0.000144961639
v -0.00524503877 0.00925733615 -0.000191465268
v -0.00600601267 0.0090899216 -0.00310889585
v -0.00524503877 0.00925733615 -0.000191465268
v -0.0057088118 0.00925733615 -0.00315539958
v -0.0057088118 0.00925733615 -0.00315539958
v -0.00524503877 0.00925733615 -0.000191465268
v -0.00494256755 0.00941479672 -0.000238793582
v -0.0057088118 0.00925733615 -0.00315539958
v -0.00494256755 0.00941479672 -0.000238793582
v -0.00540634012 0.00941479672 -0.003202728
v -0.00540634012 0.00941479672 -0.003202728
v -0.00494256755 0.00941479672 -0.000238793582
v -0.00433388539 0.00896260608 -0.000334035314
v -0.00540634012 0.00941479672 -0.003202728
v -0.00433388539 0.00896260608 -0.000334035314
v -0.00479765795 0.00896260608 -0.0032979697
v -0.00479765795 0.00896260608 -0.0032979697
v -0.00433388539 0.00896260608 -0.000334035314
v -0.00384110212 0.00842431653 -0.000411142071
v -0.00479765795 0.00896260608 -0.0032979697
v -0.00384110212 0.00842431653 -0.000411142071
v -0.00430487469 0.00842431653 -0.00337507646
v -0.00430487469 0.00842431653 -0.00337507646
v -0.00384110212 0.00842431653 -0.000411142071
v -0.00373439677 0.00824366976 -0.000427838444
v -0.00430487469 0.00842431653 -0.00337507646
v -0.00373439677 0.00824366976 -0.000427838444
v -0.0041981698 0.00824366976 -0.00339177274
v -0.00316155376 0.00784871448 -0.00242021703
v -0.00333471526 0.00784871448 -0.00352687924
v -0.00364678563 0.00775133492 -0.00347804883
v -0.00318301283 0.00775133492 -0.000514114625
v -0.00382954488 0.00778858783 -0.00344945234
v -0.00336577208 0.00778858783 -0.000485517929
v -0.00336577208 0.00778858783 -0.000485517929
v -0.00382954488 0.00778858783 -0.00344945234
v -0.00403134711 0.00795464683 -0.00341787585
v -0.00336577208 0.00778858783 -0.000485517929
v -0.00403134711 0.00795464683 -0.00341787585
v -0.00356757431 0.00795464683 -0.000453941524
v -0.00356757431 0.00795464683 -0.000453941524
v -0.00403134711 0.00795464683 -0.00341787585
v -0.0041981698 0.00824366976 -0.00339177274
v -0.00356757431 0.00795464683 -0.000453941524
v -0.0041981698 0.00824366976 -0.00339177274
v -0.00373439677 0.00824366976 -0.000427838444
v -0.0028709427 0.00784871448 -0.000562944857
v -0.00316155376 0.00784871448 -0.00242021703
v -0.00318301283 0.00775133492 -0.000514114625
v -0.00318301283 0.00775133492 -0.000514114625
v -0.00316155376 0.00784871448 -0.00242021703
v -0.00364678563 0.00775133492 -0.00347804883
v -0.00318301283 0.00775133492 -0.000514114625
v -0.00364678563 0.00775133492 -0.00347804883
v -0.00382954488 0.00778858783 -0.00344945234
v -0.00214297301 0.00774999382 -0.00270119123
v -0.00214297301 0.00424999418 -0.00270119123
v -0.00229756325 0.00774999382 -0.00368916453
v -0.00229756325 0.00774999382 -0.00368916453
v -0.00214297301 0.00424999418 -0.00270119123
v -0.00229756325 0.00424999418 -0.00368916453
v 0.000820961257 0.00424999418 -0.00316496403
v 0.000820961257 0.00774999382 -0.00316496403
v 0.000666371081 0.00424999418 -0.00415293733
v 0.000666371081 0.00424999418 -0.00415293733
v 0.000820961257 0.00774999382 -0.00316496403
v 0.000666371081 0.00774999382 -0.00415293733
v -0.00200594286 0.000413913804 -0.00221654773
v -0.00245163753 0.000909407216 -0.00214680913
v -0.00168744649 0.000998486415 -0.0022663835
v -0.00168744649 0.000998486415 -0.0022663835
v -0.00245163753 0.000909407216 -0.00214680913
v -0.00196544989 0.00156455173 -0.00222288375
v -0.00168744649 0.000998486415 -0.0022663835
v -0.00196544989 0.00156455173 -0.00222288375
v -0.00114990841 0.00138529076 -0.00235049333
v -0.00114990841 0.00138529076 -0.00235049333
v -0.00196544989 0.00156455173 -0.00222288375
v -0.00126857532 0.0019815159 -0.00233192509
v -0.00114990841 0.00138529076 -0.00235049333
v -0.00126857532 0.0019815159 -0.00233192509
v -0.000499791058 0.00149772002 -0.00245221844
v -0.000499791058 0.00149772002 -0.00245221844
v -0.00126857532 0.0019815159 -0.00233192509
v -0.000467100763 0.00209680619 -0.0024573335
v -0.000499791058 0.00149772002 -0.00245221844
v -0.000467100763 0.00209680619 -0.0024573335
v 0.000134139482 0.00131351186 -0.00255141081
v 0.000134139482 0.00131351186 -0.00255141081
v -0.000467100763 0.00209680619 -0.0024573335
v 0.000316957623 0.00189288391 -0.00258001662
v 0.000134139482 0.00131351186 -0.00255141081
v 0.000316957623 0.00189288391 -0.00258001662
v 0.000626326306 0.000869144278 -0.0026284242
v 0.000626326306 0.000869144278 -0.0026284242
v 0.000316957623 0.00189288391 -0.00258001662
v 0.000964233652 0.00140077306 -0.00268129725
v 0.000626326306 0.000869144278 -0.0026284242
v 0.000964233652 0.00140077306 -0.00268129725
v 0.000879287545 0.000252623635 -0.00266800565
v 0.000879287545 0.000252623635 -0.00266800565
v 0.000964233652 0.00140077306 -0.00268129725
v 0.00137617812 0.000695426541 -0.00274575502
v 0.000879287545 0.000252623635 -0.00266800565
v 0.00137617812 0.000695426541 -0.00274575502
v 0.000842916779 -0.000413920206 -0.00266231457
v 0.00137617812 0.000695426541 -0.00274575502
v 0.00149008236 -0.000115807576 -0.00276357797
v 0.000842916779 -0.000413920206 -0.00266231457
v 0.000842916779 -0.000413920206 -0.00266231457
v 0.00149008236 -0.000115807576 -0.00276357797
v 0.00128861144 -0.000909398717 -0.0027320534
v 0.000842916779 -0.000413920206 -0.00266231457
v 0.00128861144 -0.000909398717 -0.0027320534
v 0.000524420408 -0.000998477801 -0.0026124788
v 0.000524420408 -0.000998477801 -0.0026124788
v 0.00128861144 -0.000909398717 -0.0027320534
v 0.000802423863 -0.00156455801 -0.00265597855
v 0.000524420408 -0.000998477801 -0.0026124788
v 0.000802423863 -0.00156455801 -0.00265597855
v -1.31176021e-05 -0.00138528214 -0.00252836919
v -1.31176021e-05 -0.00138528214 -0.00252836919
v 0.000802423863 -0.00156455801 -0.00265597855
v 0.000105549305 -0.00198150752 -0.0025469372
v -1.31176021e-05 -0.00138528214 -0.00252836919
v 0.000105549305 -0.00198150752 -0.0025469372
v -0.000581512984 -0.00150000618 -0.00243943115
v -0.000581512984 -0.00150000618 -0.00243943115
v 0.000105549305 -0.00198150752 -0.0025469372
v -0.000581512984 -0.00210000155 -0.00243943115
v -0.000581512984 -0.00150000618 -0.00243943115
v -0.000581512984 -0.00210000155 -0.00243943115
v -0.000663234969 -0.0014977114 -0.00242664409
v -0.000663234969 -0.0014977114 -0.00242664409
v -0.000581512984 -0.00210000155 -0.00243943115
v -0.000695925264 -0.00209679781 -0.0024215288
v -0.000663234969 -0.0014977114 -0.00242664409
v -0.000695925264 -0.00209679781 -0.0024215288
v -0.00129716552 -0.00131350325 -0.00232745172
v -0.00129716552 -0.00131350325 -0.00232745172
v -0.000695925264 -0.00209679781 -0.0024215288
v -0.00147998368 -0.0018928753 -0.00229884568
v -0.00129716552 -0.00131350325 -0.00232745172
v -0.00147998368 -0.0018928753 -0.00229884568
v -0.00178935227 -0.00086913578 -0.00225043809
v -0.00178935227 -0.00086913578 -0.00225043809
v -0.00147998368 -0.0018928753 -0.00229884568
v -0.00212725229 -0.00140077935 -0.00219756621
v -0.00178935227 -0.00086913578 -0.00225043809
v -0.00212725229 -0.00140077935 -0.00219756621
v -0.00204231357 -0.000252630038 -0.00221085688
v -0.00204231357 -0.000252630038 -0.00221085688
v -0.00212725229 -0.00140077935 -0.00219756621
v -0.0025392042 -0.000695418043 -0.00213310728
v -0.00204231357 -0.000252630038 -0.00221085688
v -0.0025392042 -0.000695418043 -0.00213310728
v -0.00200594286 0.000413913804 -0.00221654773
v -0.00200594286 0.000413913804 -0.00221654773
v -0.0025392042 -0.000695418043 -0.00213310728
v -0.00265310844 0.000115801173 -0.00211528456
v -0.00200594286 0.000413913804 -0.00221654773
v -0.00265310844 0.000115801173 -0.00211528456
v -0.00245163753 0.000909407216 -0.00214680913
v 0.000218769361 -0.00138528214 -0.00104639831
v 0.000756307389 -0.000998477801 -0.00113050803
v 0.000524420408 -0.000998477801 -0.0026124788
v 0.000524420408 -0.000998477801 -0.0026124788
v 0.000756307389 -0.000998477801 -0.00113050803
v 0.000842916779 -0.000413920206 -0.00266231457
v 0.000842916779 -0.000413920206 -0.00266231457
v 0.000756307389 -0.000998477801 -0.00113050803
v 0.00107480376 -0.000413920206 -0.0011803438
v 0.000842916779 -0.000413920206 -0.00266231457
v 0.00107480376 -0.000413920206 -0.0011803438
v 0.000879287545 0.000252623635 -0.00266800565
v 0.000879287545 0.000252623635 -0.00266800565
v 0.00107480376 -0.000413920206 -0.0011803438
v 0.00111117447 0.000252623635 -0.00118603476
v 0.000879287545 0.000252623635 -0.00266800565
v 0.00111117447 0.000252623635 -0.00118603476
v 0.000626326306 0.000869144278 -0.0026284242
v 0.000626326306 0.000869144278 -0.0026284242
v 0.00111117447 0.000252623635 -0.00118603476
v 0.000858213287 0.000869144278 -0.00114645343
v 0.000626326306 0.000869144278 -0.0026284242
v 0.000858213287 0.000869144278 -0.00114645343
v 0.000134139482 0.00131351186 -0.00255141081
v 0.000134139482 0.00131351186 -0.00255141081
v 0.000858213287 0.000869144278 -0.00114645343
v 0.000366026448 0.00131351186 -0.00106943992
v 0.000134139482 0.00131351186 -0.00255141081
v 0.000366026448 0.00131351186 -0.00106943992
v -0.000499791058 0.00149772002 -0.00245221844
v -0.000499791058 0.00149772002 -0.00245221844
v 0.000366026448 0.00131351186 -0.00106943992
v -0.000267904077 0.00149772002 -0.000970247551
v -0.000499791058 0.00149772002 -0.00245221844
v -0.000267904077 0.00149772002 -0.000970247551
v -0.00114990841 0.00138529076 -0.00235049333
v -0.00114990841 0.00138529076 -0.00235049333
v -0.000267904077 0.00149772002 -0.000970247551
v -0.000918021484 0.00138529076 -0.000868522387
v -0.00114990841 0.00138529076 -0.00235049333
v -0.000918021484 0.00138529076 -0.000868522387
v -0.00168744649 0.000998486415 -0.0022663835
v -0.00168744649 0.000998486415 -0.0022663835
v -0.000918021484 0.00138529076 -0.000868522387
v -0.00145555951 0.000998486415 -0.000784412725
v -0.00168744649 0.000998486415 -0.0022663835
v -0.00145555951 0.000998486415 -0.000784412725
v -0.00200594286 0.000413913804 -0.00221654773
v -0.00145555951 0.000998486415 -0.000784412725
v -0.00177405588 0.000413913804 -0.000734576955
v -0.00200594286 0.000413913804 -0.00221654773
v -0.00200594286 0.000413913804 -0.00221654773
v -0.00177405588 0.000413913804 -0.000734576955
v -0.00183159683 4.25278657e-09 -0.000725573394
v -0.00200594286 0.000413913804 -0.00221654773
v -0.00183159683 4.25278657e-09 -0.000725573394
v -0.00204231357 -0.000252630038 -0.00221085688
v -0.00204231357 -0.000252630038 -0.00221085688
v -0.00183159683 4.25278657e-09 -0.000725573394
v -0.00181042659 -0.000252630038 -0.000728885934
v -0.00204231357 -0.000252630038 -0.00221085688
v -0.00181042659 -0.000252630038 -0.000728885934
v -0.00178935227 -0.00086913578 -0.00225043809
v -0.00178935227 -0.00086913578 -0.00225043809
v -0.00181042659 -0.000252630038 -0.000728885934
v -0.00155746541 -0.00086913578 -0.000768467318
v -0.00178935227 -0.00086913578 -0.00225043809
v -0.00155746541 -0.00086913578 -0.000768467318
v -0.00129716552 -0.00131350325 -0.00232745172
v -0.00129716552 -0.00131350325 -0.00232745172
v -0.00155746541 -0.00086913578 -0.000768467318
v -0.00106527854 -0.00131350325 -0.000845480768
v -0.00129716552 -0.00131350325 -0.00232745172
v -0.00106527854 -0.00131350325 -0.000845480768
v -0.000663234969 -0.0014977114 -0.00242664409
v -0.000663234969 -0.0014977114 -0.00242664409
v -0.00106527854 -0.00131350325 -0.000845480768
v -0.000431348017 -0.0014977114 -0.000944673142
v -0.000663234969 -0.0014977114 -0.00242664409
v -0.000431348017 -0.0014977114 -0.000944673142
v -0.000581512984 -0.00150000618 -0.00243943115
v -0.000581512984 -0.00150000618 -0.00243943115
v -0.000431348017 -0.0014977114 -0.000944673142
v 0.000218769361 -0.00138528214 -0.00104639831
v -0.000581512984 -0.00150000618 -0.00243943115
v 0.000218769361 -0.00138528214 -0.00104639831
v -1.31176021e-05 -0.00138528214 -0.00252836919
v -1.31176021e-05 -0.00138528214 -0.00252836919
v 0.000218769361 -0.00138528214 -0.00104639831
v 0.000524420408 -0.000998477801 -0.0026124788
v -0.000927811081 -0.00209679781 -0.00390349235
v -0.000581512984 -0.00210000155 -0.00243943115
v -0.000126336497 -0.00198150752 -0.00402890053
v -0.000126336497 -0.00198150752 -0.00402890053
v -0.000581512984 -0.00210000155 -0.00243943115
v 0.000105549305 -0.00198150752 -0.0025469372
v -0.000126336497 -0.00198150752 -0.00402890053
v 0.000105549305 -0.00198150752 -0.0025469372
v 0.000570538046 -0.00156455801 -0.0041379421
v 0.000570538046 -0.00156455801 -0.0041379421
v 0.000105549305 -0.00198150752 -0.0025469372
v 0.000802423863 -0.00156455801 -0.00265597855
v 0.000570538046 -0.00156455801 -0.0041379421
v 0.000802423863 -0.00156455801 -0.00265597855
v 0.00105672562 -0.000909398717 -0.00421401672
v 0.00105672562 -0.000909398717 -0.00421401672
v 0.000802423863 -0.00156455801 -0.00265597855
v 0.00128861144 -0.000909398717 -0.0027320534
v 0.00105672562 -0.000909398717 -0.00421401672
v 0.00128861144 -0.000909398717 -0.0027320534
v 0.00125819654 -0.000115807576 -0.00424554152
v 0.00125819654 -0.000115807576 -0.00424554152
v 0.00128861144 -0.000909398717 -0.0027320534
v 0.00149008236 -0.000115807576 -0.00276357797
v 0.00125819654 -0.000115807576 -0.00424554152
v 0.00149008236 -0.000115807576 -0.00276357797
v 0.00126135442 4.25253033e-09 -0.00424603559
v 0.00126135442 4.25253033e-09 -0.00424603559
v 0.00149008236 -0.000115807576 -0.00276357797
v 0.00137617812 0.000695426541 -0.00274575502
v 0.00126135442 4.25253033e-09 -0.00424603559
v 0.00137617812 0.000695426541 -0.00274575502
v 0.0011442923 0.000695426541 -0.00422771834
v 0.0011442923 0.000695426541 -0.00422771834
v 0.00137617812 0.000695426541 -0.00274575502
v 0.000732347835 0.00140077306 -0.00416326057
v 0.000732347835 0.00140077306 -0.00416326057
v 0.00137617812 0.000695426541 -0.00274575502
v 0.000964233652 0.00140077306 -0.00268129725
v 0.000732347835 0.00140077306 -0.00416326057
v 0.000964233652 0.00140077306 -0.00268129725
v 8.50718134e-05 0.00189288391 -0.00406198017
v 8.50718134e-05 0.00189288391 -0.00406198017
v 0.000964233652 0.00140077306 -0.00268129725
v 0.000316957623 0.00189288391 -0.00258001662
v 8.50718134e-05 0.00189288391 -0.00406198017
v 0.000316957623 0.00189288391 -0.00258001662
v -0.00069898658 0.00209680619 -0.00393929705
v -0.00069898658 0.00209680619 -0.00393929705
v 0.000316957623 0.00189288391 -0.00258001662
v -0.000467100763 0.00209680619 -0.0024573335
v -0.00069898658 0.00209680619 -0.00393929705
v -0.000467100763 0.00209680619 -0.0024573335
v -0.00150046113 0.0019815159 -0.00381388864
v -0.00150046113 0.0019815159 -0.00381388864
v -0.000467100763 0.00209680619 -0.0024573335
v -0.00126857532 0.0019815159 -0.00233192509
v -0.00150046113 0.0019815159 -0.00381388864
v -0.00126857532 0.0019815159 -0.00233192509
v -0.00219733571 0.00156455173 -0.0037048473
v -0.00219733571 0.00156455173 -0.0037048473
v -0.00126857532 0.0019815159 -0.00233192509
v -0.00196544989 0.00156455173 -0.00222288375
v -0.00219733571 0.00156455173 -0.0037048473
v -0.00196544989 0.00156455173 -0.00222288375
v -0.00268352334 0.000909407216 -0.00362877245
v -0.00268352334 0.000909407216 -0.00362877245
v -0.00196544989 0.00156455173 -0.00222288375
v -0.00245163753 0.000909407216 -0.00214680913
v -0.00268352334 0.000909407216 -0.00362877245
v -0.00245163753 0.000909407216 -0.00214680913
v -0.00288499426 0.000115801173 -0.00359724788
v -0.00288499426 0.000115801173 -0.00359724788
v -0.00245163753 0.000909407216 -0.00214680913
v -0.00265310844 0.000115801173 -0.00211528456
v -0.00288499426 0.000115801173 -0.00359724788
v -0.00265310844 0.000115801173 -0.00211528456
v -0.00277108978 -0.000695418043 -0.00361507083
v -0.00277108978 -0.000695418043 -0.00361507083
v -0.00265310844 0.000115801173 -0.00211528456
v -0.0025392042 -0.000695418043 -0.00213310728
v -0.00277108978 -0.000695418043 -0.00361507083
v -0.0025392042 -0.000695418043 -0.00213310728
v -0.0023591381 -0.00140077935 -0.00367952976
v -0.0023591381 -0.00140077935 -0.00367952976
v -0.0025392042 -0.000695418043 -0.00213310728
v -0.00212725229 -0.00140077935 -0.00219756621
v -0.0023591381 -0.00140077935 -0.00367952976
v -0.00212725229 -0.00140077935 -0.00219756621
v -0.0017118695 -0.0018928753 -0.00378080923
v -0.0017118695 -0.0018928753 -0.00378080923
v -0.00212725229 -0.00140077935 -0.00219756621
v -0.00147998368 -0.0018928753 -0.00229884568
v -0.0017118695 -0.0018928753 -0.00378080923
v -0.00147998368 -0.0018928753 -0.00229884568
v -0.000927811081 -0.00209679781 -0.00390349235
v -0.000927811081 -0.00209679781 -0.00390349235
v -0.00147998368 -0.0018928753 -0.00229884568
v -0.000695925264 -0.00209679781 -0.0024215288
v -0.000927811081 -0.00209679781 -0.00390349235
v -0.000695925264 -0.00209679781 -0.0024215288
v -0.000581512984 -0.00210000155 -0.00243943115
v -0.00229756325 0.00424999418 -0.00368916453
v -0.00214297301 0.00424999418 -0.00270119123
v -0.0021508066 0.00359917106 -0.00371212768
v -0.0021508066 0.00359917106 -0.00371212768
v -0.00214297301 0.00424999418 -0.00270119123
v -0.0019962166 0.00359917106 -0.00272415462
v -0.0021508066 0.00359917106 -0.00371212768
v -0.0019962166 0.00359917106 -0.00272415462
v -0.00173959101 0.00307725789 -0.0037764716
v -0.00173959101 0.00307725789 -0.0037764716
v -0.0019962166 0.00359917106 -0.00272415462
v -0.00158500089 0.00307725789 -0.0027884983
v -0.00173959101 0.00307725789 -0.0037764716
v -0.00158500089 0.00307725789 -0.0027884983
v -0.00114536576 0.00278760912 -0.00386945112
v -0.00114536576 0.00278760912 -0.00386945112
v -0.00158500089 0.00307725789 -0.0027884983
v -0.000990775647 0.00278760912 -0.00288147782
v -0.00114536576 0.00278760912 -0.00386945112
v -0.000990775647 0.00278760912 -0.00288147782
v -0.000485833705 0.00278760912 -0.00397264957
v -0.000485833705 0.00278760912 -0.00397264957
v -0.000990775647 0.00278760912 -0.00288147782
v -0.000331243558 0.00278760912 -0.00298467628
v -0.000485833705 0.00278760912 -0.00397264957
v -0.000331243558 0.00278760912 -0.00298467628
v 0.000108391505 0.00307725789 -0.00406562909
v 0.000108391505 0.00307725789 -0.00406562909
v -0.000331243558 0.00278760912 -0.00298467628
v 0.000262981659 0.00307725789 -0.0030776558
v 0.000108391505 0.00307725789 -0.00406562909
v 0.000262981659 0.00307725789 -0.0030776558
v 0.000519607158 0.00359917106 -0.00412997277
v 0.000519607158 0.00359917106 -0.00412997277
v 0.000262981659 0.00307725789 -0.0030776558
v 0.000674197334 0.00359917106 -0.00314199971
v 0.000519607158 0.00359917106 -0.00412997277
v 0.000674197334 0.00359917106 -0.00314199971
v 0.000666371081 0.00424999418 -0.00415293733
v 0.000666371081 0.00424999418 -0.00415293733
v 0.000674197334 0.00359917106 -0.00314199971
v 0.000820961257 0.00424999418 -0.00316496403
v -0.00316155376 0.00784871448 -0.00242021703
v -0.0028709427 0.00784871448 -0.000562944857
v -0.00298996107 0.00795446802 -0.00244706636
v -0.00298996107 0.00795446802 -0.00244706636
v -0.0028709427 0.00784871448 -0.000562944857
v -0.00269935001 0.00795446802 -0.000589794305
v -0.00298996107 0.00795446802 -0.00244706636
v -0.00269935001 0.00795446802 -0.000589794305
v -0.00287415762 0.00812063087 -0.00246518641
v -0.00287415762 0.00812063087 -0.00246518641
v -0.00269935001 0.00795446802 -0.000589794305
v -0.00258354656 0.00812063087 -0.00060791435
v -0.00287415762 0.00812063087 -0.00246518641
v -0.00258354656 0.00812063087 -0.00060791435
v -0.002833304 0.00831974018 -0.00247157901
v -0.002833304 0.00831974018 -0.00247157901
v -0.00258354656 0.00812063087 -0.00060791435
v -0.00254269294 0.00831974018 -0.000614306773
v -0.00333471526 0.00784871448 -0.00352687924
v -0.00316155376 0.00784871448 -0.00242021703
v -0.0031631228 0.00795446802 -0.00355372857
v -0.0031631228 0.00795446802 -0.00355372857
v -0.00316155376 0.00784871448 -0.00242021703
v -0.00298996107 0.00795446802 -0.00244706636
v -0.0031631228 0.00795446802 -0.00355372857
v -0.00298996107 0.00795446802 -0.00244706636
v -0.00304731936 0.00812063087 -0.00357184862
v -0.00304731936 0.00812063087 -0.00357184862
v -0.00298996107 0.00795446802 -0.00244706636
v -0.00287415762 0.00812063087 -0.00246518641
v -0.00304731936 0.00812063087 -0.00357184862
v -0.00287415762 0.00812063087 -0.00246518641
v -0.00300646573 0.00831974018 -0.00357824098
v -0.00300646573 0.00831974018 -0.00357824098
v -0.00287415762 0.00812063087 -0.00246518641
v -0.002833304 0.00831974018 -0.00247157901
f 1 2 3
f 4 5 6
f 7 8 9
f 10 11 12
f 13 14 15
f 16 17 18
f 19 20 21
f 22 23 24
f 25 26 27
f 28 29 30
f 31 32 33
f 34 35 36
f 37 38 39
f 40 41 42
f 43 44 45
f 46 47 48
f 49 50 51
f 52 53 54
f 55 56 57
f 58 59 60
f 61 62 63
f 64 65 66
f 67 68 69
f 70 71 72
f 73 74 75
f 76 77 78
f 79 80 81
f 82 83 84
f 85 86 87
f 88 89 90
f 91 92 93
f 94 95 96
f 97 98 99
f 100 101 102
f 103 104 105
f 106 107 108
f 109 110 111
f 112 113 114
f 115 116 117
f 118 119 120
f 121 122 123
f 124 125 126
f 127 128 129
f 130 131 132
f 133 134 135
f 136 137 138
f 139 140 141
f 142 143 144
f 145 146 147
f 148 149 150
f 151 152 153
f 154 155 156
f 157 158 159
f 160 161 162
f 163 164 165
f 166 167 168
f 169 170 171
f 172 173 174
f 175 176 177
f 178 179 180
f 181 182 183
f 184 185 186
f 187 188 189
f 190 191 192
f 193 194 195
f 196 197 198
f 199 200 201
f 202 203 204
f 205 206 207
f 208 209 210
f 211 212 213
f 214 215 216
f 217 218 219
f 220 221 222
f 223 224 225
f 226 227 228
f 229 230 231
f 232 233 234
f 235 236 237
f 238 239 240
f 241 242 243
f 244 245 246
f 247 248 249
f 250 251 252
f 253 254 255
f 256 257 258
f 259 260 261
f 262 263 264
f 265 266 267
f 268 269 270
f 271 272 273
f 274 275 276
f 277 278 279
f 280 281 282
f 283 284 285
f 286 287 288
f 289 290 291
f 292 293 294
f 295 296 297
f 298 299 300
f 301 302 303
f 304 305 306
f 307 308 309
f 310 311 312
f 313 314 315
f 316 317 318
f 319 320 321
f 322 323 324
f 325 326 327
f 328 329 330
f 331 332 333
f 334 335 336
f 337 338 339
f 340 341 342
f 343 344 345
f 346 347 348
f 349 350 351
f 352 353 354
f 355 356 357
f 358 359 360
f 361 362 363
f 364 365 366
f 367 368 369
f 370 371 372
f 373 374 375
f 376 377 378
f 379 380 381
f 382 383 384
f 385 386 387
f 388 389 390
f 391 392 393
f 394 395 396
f 397 398 399
f 400 401 402
f 403 404 405
f 406 407 408
f 409 410 411
f 412 413 414
f 415 416 417
f 418 419 420
f 421 422 423
f 424 425 426
f 427 428 429
f 430 431 432
f 433 434 435
f 436 437 438
f 439 440 441
f 442 443 444
f 445 446 447
f 448 449 450
f 451 452 453
f 454 455 456
f 457 458 459
f 460 461 462
f 463 464 465
f 466 467 468
f 469 470 471
f 472 473 474
f 475 476 477
f 478 479 480
f 481 482 483
f 484 485 486
f 487 488 489
f 490 491 492
f 493 494 495
f 496 497 498
f 499 500 501
f 502 503 504
f 505 506 507
f 508 509 510
f 511 512 513
f 514 515 516
f 517 518 519
f 520 521 522
f 523 524 525
f 526 527 528
f 529 530 531
f 532 533 534
f 535 536 537
f 538 539 540
f 541 542 543
f 544 545 546
f 547 548 549
f 550 551 552
f 553 554 555
f 556 557 558
f 559 560 561
f 562 563 564
f 565 566 567
f 568 569 570
f 571 572 573
f 574 575 576
f 577 578 579
f 580 581 582
f 583 584 585
f 586 587 588
f 589 590 591
f 592 593 594
f 595 596 597
f 598 599 600
f 601 602 603
f 604 605 606
f 607 608 609
f 610 611 612
f 613 614 615
f 616 617 618
f 619 620 621
f 622 623 624
f 625 626 627
f 628 629 630
f 631 632 633
f 634 635 636
f 637 638 639
f 640 641 642
f 643 644 645
f 646 647 648
f 649 650 651
f 652 653 654
f 655 656 657
f 658 659 660
f 661 662 663
f 664 665 666
f 667 668 669
f 670 671 672
f 673 674 675
f 676 677 678
f 679 680 681
f 682 683 684
f 685 686 687
f 688 689 690
f 691 692 693
f 694 695 696
f 697 698 699
f 700 701 702
f 703 704 705
f 706 707 708
f 709 710 711
f 712 713 714
f 715 716 717
f 718 719 720
f 721 722 723
f 724 725 726
f 727 728 729
f 730 731 732
f 733 734 735
f 736 737 738
f 739 740 741
f 742 743 744
f 745 746 747
f 748 749 750
f 751 752 753
f 754 755 756
f 757 758 759
f 760 761 762
f 763 764 765
f 766 767 768
f 769 770 771
f 772 773 774
f 775 776 777
f 778 779 780
f 781 782 783
f 784 785 786
f 787 788 789
f 790 791 792
f 793 794 795
f 796 797 798
f 799 800 801
f 802 803 804
f 805 806 807
f 808 809 810
f 811 812 813
f 814 815 816
f 817 818 819
f 820 821 822
f 823 824 825
f 826 827 828
f 829 830 831
f 832 833 834
f 835 836 837
f 838 839 840
f 841 842 843
f 844 845 846
f 847 848 849
f 850 851 852
f 853 854 855
f 856 857 858
f 859 860 861
f 862 863 864
f 865 866 867
f 868 869 870
f 871 872 873
f 874 875 876
f 877 878 879
f 880 881 882
f 883 884 885
f 886 887 888
f 889 890 891
f 892 893 894
f 895 896 897
f 898 899 900
f 901 902 903
f 904 905 906
f 907 908 909
f 910 911 912
f 913 914 915
f 916 917 918
f 919 920 921
f 922 923 924
f 925 926 927
f 928 929 930
f 931 932 933
f 934 935 936
f 937 938 939
f 940 941 942
f 943 944 945
f 946 947 948
f 949 950 951
f 952 953 954
f 955 956 957
f 958 959 960
f 961 962 963
f 964 965 966
f 967 968 969
f 970 971 972
f 973 974 975
f 976 977 978
f 979 980 981
f 982 983 984
f 985 986 987
f 988 989 990
f 991 992 993
f 994 995 996
f 997 998 999
f 1000 1001 1002
f 1003 1004 1005
f 1006 1007 1008
f 1009 1010 1011
f 1012 1013 1014
f 1015 1016 1017
f 1018 1019 1020
f 1021 1022 1023
f 1024 1025 1026
f 1027 1028 1029
f 1030 1031 1032
f 1033 1034 1035
f 1036 1037 1038
f 1039 1040 1041
f 1042 1043 1044
f 1045 1046 1047
f 1048 1049 1050
f 1051 1052 1053
f 1054 1055 1056
f 1057 1058 1059
f 1060 1061 1062
f 1063 1064 1065
f 1066 1067 1068
f 1069 1070 1071
f 1072 1073 1074
f 1075 1076 1077
f 1078 1079 1080
f 1081 1082 1083
f 1084 1085 1086
f 1087 1088 1089
f 1090 1091 1092
f 1093 1094 1095
f 1096 1097 1098
f 1099 1100 1101
f 1102 1103 1104
f 1105 1106 1107
f 1108 1109 1110
f 1111 1112 1113
f 1114 1115 1116
f 1117 1118 1119
f 1120 1121 1122
f 1123 1124 1125
f 1126 1127 1128
f 1129 1130 1131
f 1132 1133 1134
f 1135 1136 1137
f 1138 1139 1140
f 1141 1142 1143
f 1144 1145 1146
f 1147 1148 1149
f 1150 1151 1152
f 1153 1154 1155
f 1156 1157 1158
f 1159 1160 1161
f 1162 1163 1164
f 1165 1166 1167
f 1168 1169 1170
f 1171 1172 1173
f 1174 1175 1176
f 1177 1178 1179
f 1180 1181 1182
f 1183 1184 1185
f 1186 1187 1188
f 1189 1190 1191
f 1192 1193 1194
f 1195 1196 1197
f 1198 1199 1200
f 1201 1202 1203
f 1204 1205 1206
f 1207 1208 1209
f 1210 1211 1212
f 1213 1214 1215
f 1216 1217 1218
f 1219 1220 1221
f 1222 1223 1224
f 1225 1226 1227
f 1228 1229 1230
f 1231 1232 1233
f 1234 1235 1236
f 1237 1238 1239
f 1240 1241 1242
f 1243 1244 1245
f 1246 1247 1248
f 1249 1250 1251
f 1252 1253 1254
f 1255 1256 1257
f 1258 1259 1260
f 1261 1262 1263
f 1264 1265 1266
f 1267 1268 1269
f 1270 1271 1272
f 1273 1274 1275
f 1276 1277 1278
f 1279 1280 1281
f 1282 1283 1284
f 1285 1286 1287
f 1288 1289 1290
f 1291 1292 1293
f 1294 1295 1296
f 1297 1298 1299
f 1300 1301 1302
f 1303 1304 1305
f 1306 1307 1308
f 1309 1310 1311
f 1312 1313 1314
f 1315 1316 1317
f 1318 1319 1320
f 1321 1322 1323
f 1324 1325 1326
f 1327 1328 1329
f 1330 1331 1332
f 1333 1334 1335
f 1336 1337 1338
f 1339 1340 1341
f 1342 1343 1344
f 1345 1346 1347
f 1348 1349 1350
f 1351 1352 1353
f 1354 1355 1356
f 1357 1358 1359
f 1360 1361 1362
f 1363 1364 1365
f 1366 1367 1368
f 1369 1370 1371
f 1372 1373 1374
f 1375 1376 1377
f 1378 1379 1380
f 1381 1382 1383
f 1384 1385 1386
f 1387 1388 1389
f 1390 1391 1392
f 1393 1394 1395
f 1396 1397 1398
f 1399 1400 1401
f 1402 1403 1404
f 1405 1406 1407
f 1408 1409 1410
f 1411 1412 1413
f 1414 1415 1416
f 1417 1418 1419
f 1420 1421 1422
f 1423 1424 1425
f 1426 1427 1428
f 1429 1430 1431
f 1432 1433 1434
f 1435 1436 1437
f 1438 1439 1440
f 1441 1442 1443
f 1444 1445 1446
f 1447 1448 1449
f 1450 1451 1452
f 1453 1454 1455
f 1456 1457 1458
f 1459 1460 1461
f 1462 1463 1464
f 1465 1466 1467
f 1468 1469 1470
f 1471 1472 1473
f 1474 1475 1476
f 1477 1478 1479
f 1480 1481 1482
f 1483 1484 1485
f 1486 1487 1488
f 1489 1490 1491
f 1492 1493 1494
f 1495 1496 1497
f 1498 1499 1500
f 1501 1502 1503
f 1504 1505 1506
f 1507 1508 1509
f 1510 1511 1512
f 1513 1514 1515
f 1516 1517 1518
f 1519 1520 1521
f 1522 1523 1524
f 1525 1526 1527
f 1528 1529 1530
f 1531 1532 1533
f 1534 1535 1536
f 1537 1538 1539
f 1540 1541 1542
f 1543 1544 1545
f 1546 1547 1548
f 1549 1550 1551
f 1552 1553 1554
f 1555 1556 1557
f 1558 1559 1560
f 1561 1562 1563
f 1564 1565 1566
f 1567 1568 1569
f 1570 1571 1572
f 1573 1574 1575
f 1576 1577 1578
f 1579 1580 1581
f 1582 1583 1584
f 1585 1586 1587
f 1588 1589 1590
f 1591 1592 1593
f 1594 1595 1596
f 1597 1598 1599
f 1600 1601 1602
f 1603 1604 1605
f 1606 1607 1608
f 1609 1610 1611
f 1612 1613 1614
f 1615 1616 1617
f 1618 1619 1620
f 1621 1622 1623
f 1624 1625 1626
f 1627 1628 1629
f 1630 1631 1632
f 1633 1634 1635
f 1636 1637 1638
f 1639 1640 1641
f 1642 1643 1644
f 1645 1646 1647
f 1648 1649 1650
f 1651 1652 1653
f 1654 1655 1656
f 1657 1658 1659
f 1660 1661 1662
f 1663 1664 1665
f 1666 1667 1668
f 1669 1670 1671
f 1672 1673 1674
f 1675 1676 1677
f 1678 1679 1680
f 1681 1682 1683
f 1684 1685 1686
f 1687 1688 1689
f 1690 1691 1692
f 1693 1694 1695
f 1696 1697 1698
f 1699 1700 1701
f 1702 1703 1704
f 1705 1706 1707
f 1708 1709 1710
f 1711 1712 1713
f 1714 1715 1716
f 1717 1718 1719
f 1720 1721 1722
f 1723 1724 1725
f 1726 1727 1728
f 1729 1730 1731
f 1732 1733 1734
f 1735 1736 1737
f 1738 1739 1740
f 1741 1742 1743
f 1744 1745 1746
f 1747 1748 1749
f 1750 1751 1752
f 1753 1754 1755
f 1756 1757 1758
f 1759 1760 1761
f 1762 1763 1764
f 1765 1766 1767
f 1768 1769 1770
f 1771 1772 1773
f 1774 1775 1776
f 1777 1778 1779
f 1780 1781 1782
f 1783 1784 1785
f 1786 1787 1788
f 1789 1790 1791
f 1792 1793 1794
f 1795 1796 1797
f 1798 1799 1800
f 1801 1802 1803
f 1804 1805 1806
f 1807 1808 1809
f 1810 1811 1812
f 1813 1814 1815
f 1816 1817 1818
f 1819 1820 1821
f 1822 1823 1824
f 1825 1826 1827
f 1828 1829 1830
f 1831 1832 1833
f 1834 1835 1836
f 1837 1838 1839
f 1840 1841 1842
f 1843 1844 1845
f 1846 1847 1848
f 1849 1850 1851
f 1852 1853 1854
f 1855 1856 1857
f 1858 1859 1860
f 1861 1862 1863
f 1864 1865 1866
f 1867 1868 1869
f 1870 1871 1872
f 1873 1874 1875
f 1876 1877 1878
f 1879 1880 1881
f 1882 1883 1884
f 1885 1886 1887
f 1888 1889 1890
f 1891 1892 1893
f 1894 1895 1896
f 1897 1898 1899
f 1900 1901 1902
f 1903 1904 1905
f 1906 1907 1908
f 1909 1910 1911
f 1912 1913 1914
f 1915 1916 1917
f 1918 1919 1920
f 1921 1922 1923
f 1924 1925 1926
f 1927 1928 1929
f 1930 1931 1932
f 1933 1934 1935
f 1936 1937 1938
f 1939 1940 1941
f 1942 1943 1944
f 1945 1946 1947
f 1948 1949 1950
f 1951 1952 1953
f 1954 1955 1956
f 1957 1958 1959
f 1960 1961 1962
f 1963 1964 1965
f 1966 1967 1968
f 1969 1970 1971
f 1972 1973 1974
f 1975 1976 1977
f 1978 1979 1980
f 1981 1982 1983
f 1984 1985 1986
f 1987 1988 1989
f 1990 1991 1992
f 1993 1994 1995
f 1996 1997 1998
f 1999 2000 2001
f 2002 2003 2004
f 2005 2006 2007
f 2008 2009 2010
f 2011 2012 2013
f 2014 2015 2016
f 2017 2018 2019
f 2020 2021 2022
f 2023 2024 2025
f 2026 2027 2028
f 2029 2030 2031
f 2032 2033 2034
f 2035 2036 2037
f 2038 2039 2040
f 2041 2042 2043
f 2044 2045 2046
f 2047 2048 2049
f 2050 2051 2052
f 2053 2054 2055
f 2056 2057 2058
f 2059 2060 2061
f 2062 2063 2064
f 2065 2066 2067
f 2068 2069 2070
f 2071 2072 2073
f 2074 2075 2076
f 2077 2078 2079
f 2080 2081 2082
f 2083 2084 2085
f 2086 2087 2088
f 2089 2090 2091
f 2092 2093 2094
f 2095 2096 2097
f 2098 2099 2100
f 2101 2102 2103
f 2104 2105 2106
f 2107 2108 2109
f 2110 2111 2112
f 2113 2114 2115
f 2116 2117 2118
f 2119 2120 2121
f 2122 2123 2124
f 2125 2126 2127
f 2128 2129 2130
f 2131 2132 2133
f 2134 2135 2136
f 2137 2138 2139
f 2140 2141 2142
f 2143 2144 2145
f 2146 2147 2148
f 2149 2150 2151
f 2152 2153 2154
f 2155 2156 2157
f 2158 2159 2160
f 2161 2162 2163
f 2164 2165 2166
f 2167 2168 2169
f 2170 2171 2172
f 2173 2174 2175
f 2176 2177 2178
f 2179 2180 2181
f 2182 2183 2184
f 2185 2186 2187
f 2188 2189 2190
f 2191 2192 2193
f 2194 2195 2196
f 2197 2198 2199
f 2200 2201 2202
f 2203 2204 2205
f 2206 2207 2208
f 2209 2210 2211
f 2212 2213 2214
f 2215 2216 2217
f 2218 2219 2220
f 2221 2222 2223
f 2224 2225 2226
f 2227 2228 2229
f 2230 2231 2232
f 2233 2234 2235
f 2236 2237 2238
f 2239 2240 2241
f 2242 2243 2244
f 2245 2246 2247
f 2248 2249 2250
f 2251 2252 2253
f 2254 2255 2256
f 2257 2258 2259
f 2260 2261 2262
f 2263 2264 2265
f 2266 2267 2268
f 2269 2270 2271
f 2272 2273 2274
f 2275 2276 2277
f 2278 2279 2280
f 2281 2282 2283
f 2284 2285 2286
f 2287 2288 2289
f 2290 2291 2292
f 2293 2294 2295
f 2296 2297 2298
f 2299 2300 2301
f 2302 2303 2304
f 2305 2306 2307
f 2308 2309 2310
f 2311 2312 2313
f 2314 2315 2316
f 2317 2318 2319
f 2320 2321 2322
f 2323 2324 2325
f 2326 2327 2328
f 2329 2330 2331
f 2332 2333 2334
f 2335 2336 2337
f 2338 2339 2340
f 2341 2342 2343
f 2344 2345 2346
f 2347 2348 2349
f 2350 2351 2352
f 2353 2354 2355
f 2356 2357 2358
f 2359 2360 2361
f 2362 2363 2364
f 2365 2366 2367
f 2368 2369 2370
f 2371 2372 2373
f 2374 2375 2376
f 2377 2378 2379
f 2380 2381 2382
f 2383 2384 2385
f 2386 2387 2388
f 2389 2390 2391
f 2392 2393 2394
f 2395 2396 2397
f 2398 2399 2400
f 2401 2402 2403
f 2404 2405 2406
f 2407 2408 2409
f 2410 2411 2412
f 2413 2414 2415
f 2416 2417 2418
f 2419 2420 2421
f 2422 2423 2424
f 2425 2426 2427
f 2428 2429 2430
f 2431 2432 2433
f 2434 2435 2436
f 2437 2438 2439
f 2440 2441 2442
f 2443 2444 2445
f 2446 2447 2448
f 2449 2450 2451
f 2452 2453 2454
f 2455 2456 2457
f 2458 2459 2460
f 2461 2462 2463
f 2464 2465 2466
f 2467 2468 2469
f 2470 2471 2472
f 2473 2474 2475
f 2476 2477 2478
f 2479 2480 2481
f 2482 2483 2484
f 2485 2486 2487
f 2488 2489 2490
f 2491 2492 2493
f 2494 2495 2496
f 2497 2498 2499
f 2500 2501 2502
f 2503 2504 2505
f 2506 2507 2508
f 2509 2510 2511
f 2512 2513 2514
f 2515 2516 2517
f 2518 2519 2520
f 2521 2522 2523
f 2524 2525 2526
f 2527 2528 2529
f 2530 2531 2532
f 2533 2534 2535
f 2536 2537 2538
f 2539 2540 2541
f 2542 2543 2544
f 2545 2546 2547
f 2548 2549 2550
f 2551 2552 2553
f 2554 2555 2556
f 2557 2558 2559
f 2560 2561 2562
f 2563 2564 2565
f 2566 2567 2568
f 2569 2570 2571
f 2572 2573 2574
f 2575 2576 2577
f 2578 2579 2580
f 2581 2582 2583
f 2584 2585 2586
f 2587 2588 2589
f 2590 2591 2592
f 2593 2594 2595
f 2596 2597 2598
f 2599 2600 2601
f 2602 2603 2604
f 2605 2606 2607
f 2608 2609 2610
f 2611 2612 2613
f 2614 2615 2616
f 2617 2618 2619
f 2620 2621 2622
f 2623 2624 2625
f 2626 2627 2628
f 2629 2630 2631
f 2632 2633 2634
f 2635 2636 2637
f 2638 2639 2640
f 2641 2642 2643
f 2644 2645 2646
f 2647 2648 2649
f 2650 2651 2652
f 2653 2654 2655
f 2656 2657 2658
f 2659 2660 2661
f 2662 2663 2664
f 2665 2666 2667
f 2668 2669 2670
f 2671 2672 2673
f 2674 2675 2676
f 2677 2678 2679
f 2680 2681 2682
f 2683 2684 2685
f 2686 2687 2688
f 2689 2690 2691
f 2692 2693 2694
f 2695 2696 2697
f 2698 2699 2700
f 2701 2702 2703
f 2704 2705 2706
f 2707 2708 2709
f 2710 2711 2712
f 2713 2714 2715
f 2716 2717 2718
f 2719 2720 2721
f 2722 2723 2724
f 2725 2726 2727
f 2728 2729 2730
f 2731 2732 2733
f 2734 2735 2736
f 2737 2738 2739
f 2740 2741 2742
f 2743 2744 2745
f 2746 2747 2748
f 2749 2750 2751
f 2752 2753 2754
f 2755 2756 2757
f 2758 2759 2760
f 2761 2762 2763
f 2764 2765 2766
f 2767 2768 2769
f 2770 2771 2772
f 2773 2774 2775
f 2776 2777 2778
f 2779 2780 2781
f 2782 2783 2784
f 2785 2786 2787
f 2788 2789 2790
f 2791 2792 2793
f 2794 2795 2796
f 2797 2798 2799
f 2800 2801 2802
f 2803 2804 2805
f 2806 2807 2808
f 2809 2810 2811
f 2812 2813 2814
f 2815 2816 2817
f 2818 2819 2820
f 2821 2822 2823
f 2824 2825 2826
f 2827 2828 2829
f 2830 2831 2832
f 2833 2834 2835
f 2836 2837 2838
f 2839 2840 2841
f 2842 2843 2844
f 2845 2846 2847
f 2848 2849 2850
f 2851 2852 2853
f 2854 2855 2856
f 2857 2858 2859
f 2860 2861 2862
f 2863 2864 2865
f 2866 2867 2868
f 2869 2870 2871
f 2872 2873 2874
f 2875 2876 2877
f 2878 2879 2880
f 2881 2882 2883
f 2884 2885 2886
f 2887 2888 2889
f 2890 2891 2892
f 2893 2894 2895
f 2896 2897 2898
f 2899 2900 2901
f 2902 2903 2904
f 2905 2906 2907
f 2908 2909 2910
f 2911 2912 2913
f 2914 2915 2916
f 2917 2918 2919
f 2920 2921 2922
f 2923 2924 2925
f 2926 2927 2928
f 2929 2930 2931
f 2932 2933 2934
f 2935 2936 2937
f 2938 2939 2940
f 2941 2942 2943
f 2944 2945 2946
f 2947 2948 2949
f 2950 2951 2952
f 2953 2954 2955
f 2956 2957 2958
f 2959 2960 2961
f 2962 2963 2964
f 2965 2966 2967
f 2968 2969 2970
f 2971 2972 2973
f 2974 2975 2976
f 2977 2978 2979
f 2980 2981 2982
f 2983 2984 2985
f 2986 2987 2988
f 2989 2990 2991
f 2992 2993 2994
f 2995 2996 2997
f 2998 2999 3000
f 3001 3002 3003
f 3004 3005 3006
f 3007 3008 3009
f 3010 3011 3012
f 3013 3014 3015
f 3016 3017 3018
f 3019 3020 3021
f 3022 3023 3024
f 3025 3026 3027
f 3028 3029 3030
f 3031 3032 3033
f 3034 3035 3036
f 3037 3038 3039
f 3040 3041 3042
f 3043 3044 3045
f 3046 3047 3048
f 3049 3050 3051
f 3052 3053 3054
f 3055 3056 3057
f 3058 3059 3060
f 3061 3062 3063
f 3064 3065 3066
f 3067 3068 3069
f 3070 3071 3072
f 3073 3074 3075
f 3076 3077 3078
f 3079 3080 3081
f 3082 3083 3084
f 3085 3086 3087
f 3088 3089 3090
f 3091 3092 3093
f 3094 3095 3096
f 3097 3098 3099
f 3100 3101 3102
f 3103 3104 3105
f 3106 3107 3108
f 3109 3110 3111
f 3112 3113 3114
f 3115 3116 3117
f 3118 3119 3120
f 3121 3122 3123
f 3124 3125 3126
f 3127 3128 3129
f 3130 3131 3132
f 3133 3134 3135
f 3136 3137 3138
f 3139 3140 3141
f 3142 3143 3144
f 3145 3146 3147
f 3148 3149 3150
f 3151 3152 3153
f 3154 3155 3156
f 3157 3158 3159
f 3160 3161 3162
f 3163 3164 3165
f 3166 3167 3168
f 3169 3170 3171
f 3172 3173 3174
f 3175 3176 3177
f 3178 3179 3180
f 3181 3182 3183
f 3184 3185 3186
f 3187 3188 3189
f 3190 3191 3192
f 3193 3194 3195
f 3196 3197 3198
f 3199 3200 3201
f 3202 3203 3204
f 3205 3206 3207
f 3208 3209 3210
f 3211 3212 3213
f 3214 3215 3216
f 3217 3218 3219
f 3220 3221 3222
f 3223 3224 3225
f 3226 3227 3228
f 3229 3230 3231
f 3232 3233 3234
f 3235 3236 3237
f 3238 3239 3240
f 3241 3242 3243
f 3244 3245 3246
f 3247 3248 3249
f 3250 3251 3252
f 3253 3254 3255
f 3256 3257 3258
f 3259 3260 3261
f 3262 3263 3264
f 3265 3266 3267
f 3268 3269 3270
f 3271 3272 3273
f 3274 3275 3276
f 3277 3278 3279
f 3280 3281 3282
f 3283 3284 3285
f 3286 3287 3288
f 3289 3290 3291
f 3292 3293 3294
f 3295 3296 3297
f 3298 3299 3300
f 3301 3302 3303
f 3304 3305 3306
f 3307 3308 3309
f 3310 3311 3312
f 3313 3314 3315
f 3316 3317 3318
f 3319 3320 3321
f 3322 3323 3324
f 3325 3326 3327
f 3328 3329 3330
f 3331 3332 3333
f 3334 3335 3336
f 3337 3338 3339
f 3340 3341 3342
f 3343 3344 3345
f 3346 3347 3348
f 3349 3350 3351
f 3352 3353 3354
f 3355 3356 3357
f 3358 3359 3360
f 3361 3362 3363
f 3364 3365 3366
f 3367 3368 3369
f 3370 3371 3372
f 3373 3374 3375
f 3376 3377 3378
f 3379 3380 3381
f 3382 3383 3384
f 3385 3386 3387
f 3388 3389 3390
f 3391 3392 3393
f 3394 3395 3396
f 3397 3398 3399
f 3400 3401 3402
f 3403 3404 3405
f 3406 3407 3408
f 3409 3410 3411
f 3412 3413 3414
f 3415 3416 3417
f 3418 3419 3420
f 3421 3422 3423
f 3424 3425 3426
f 3427 3428 3429
f 3430 3431 3432
f 3433 3434 3435
f 3436 3437 3438
f 3439 3440 3441
f 3442 3443 3444
f 3445 3446 3447
f 3448 3449 3450
f 3451 3452 3453
f 3454 3455 3456
f 3457 3458 3459
f 3460 3461 3462
f 3463 3464 3465
f 3466 3467 3468
f 3469 3470 3471
f 3472 3473 3474
f 3475 3476 3477
f 3478 3479 3480
f 3481 3482 3483
f 3484 3485 3486
f 3487 3488 3489
f 3490 3491 3492
f 3493 3494 3495
f 3496 3497 3498
f 3499 3500 3501
f 3502 3503 3504
f 3505 3506 3507
f 3508 3509 3510
f 3511 3512 3513
f 3514 3515 3516
f 3517 3518 3519
f 3520 3521 3522
f 3523 3524 3525
f 3526 3527 3528
f 3529 3530 3531
f 3532 3533 3534
f 3535 3536 3537
f 3538 3539 3540
f 3541 3542 3543
f 3544 3545 3546
f 3547 3548 3549
f 3550 3551 3552
f 3553 3554 3555
f 3556 3557 3558
f 3559 3560 3561
f 3562 3563 3564
f 3565 3566 3567
f 3568 3569 3570
f 3571 3572 3573
f 3574 3575 3576
f 3577 3578 3579
f 3580 3581 3582
f 3583 3584 3585
f 3586 3587 3588
f 3589 3590 3591
f 3592 3593 3594
f 3595 3596 3597
f 3598 3599 3600
f 3601 3602 3603
f 3604 3605 3606
f 3607 3608 3609
f 3610 3611 3612
f 3613 3614 3615
f 3616 3617 3618
f 3619 3620 3621
f 3622 3623 3624
f 3625 3626 3627
f 3628 3629 3630
f 3631 3632 3633
f 3634 3635 3636
f 3637 3638 3639
f 3640 3641 3642
f 3643 3644 3645
f 3646 3647 3648
f 3649 3650 3651
f 3652 3653 3654
f 3655 3656 3657
f 3658 3659 3660
f 3661 3662 3663
f 3664 3665 3666
f 3667 3668 3669
f 3670 3671 3672
f 3673 3674 3675
f 3676 3677 3678
f 3679 3680 3681
f 3682 3683 3684
f 3685 3686 3687
f 3688 3689 3690
f 3691 3692 3693
f 3694 3695 3696
f 3697 3698 3699
f 3700 3701 3702
f 3703 3704 3705
f 3706 3707 3708
f 3709 3710 3711
f 3712 3713 3714
f 3715 3716 3717
f 3718 3719 3720
f 3721 3722 3723
f 3724 3725 3726
f 3727 3728 3729
f 3730 3731 3732
f 3733 3734 3735
f 3736 3737 3738
f 3739 3740 3741
f 3742 3743 3744
f 3745 3746 3747
f 3748 3749 3750
f 3751 3752 3753
f 3754 3755 3756
f 3757 3758 3759
f 3760 3761 3762
f 3763 3764 3765
f 3766 3767 3768
f 3769 3770 3771
f 3772 3773 3774
f 3775 3776 3777
f 3778 3779 3780
f 3781 3782 3783
f 3784 3785 3786
f 3787 3788 3789
f 3790 3791 3792
f 3793 3794 3795
f 3796 3797 3798
f 3799 3800 3801
f 3802 3803 3804
f 3805 3806 3807
f 3808 3809 3810
f 3811 3812 3813
f 3814 3815 3816
f 3817 3818 3819
f 3820 3821 3822
f 3823 3824 3825
f 3826 3827 3828
f 3829 3830 3831
f 3832 3833 3834
f 3835 3836 3837
f 3838 3839 3840
f 3841 3842 3843
f 3844 3845 3846
f 3847 3848 3849
f 3850 3851 3852
f 3853 3854 3855
f 3856 3857 3858
f 3859 3860 3861
f 3862 3863 3864
f 3865 3866 3867
f 3868 3869 3870
f 3871 3872 3873
f 3874 3875 3876
f 3877 3878 3879
f 3880 3881 3882
f 3883 3884 3885
f 3886 3887 3888
f 3889 3890 3891
f 3892 3893 3894
f 3895 3896 3897
f 3898 3899 3900
f 3901 3902 3903
f 3904 3905 3906
f 3907 3908 3909
f 3910 3911 3912
f 3913 3914 3915
f 3916 3917 3918
f 3919 3920 3921
f 3922 3923 3924
f 3925 3926 3927
f 3928 3929 3930
f 3931 3932 3933
f 3934 3935 3936
f 3937 3938 3939
f 3940 3941 3942
f 3943 3944 3945
f 3946 3947 3948
f 3949 3950 3951
f 3952 3953 3954
f 3955 3956 3957
f 3958 3959 3960
f 3961 3962 3963
f 3964 3965 3966
f 3967 3968 3969
f 3970 3971 3972
f 3973 3974 3975
f 3976 3977 3978
f 3979 3980 3981
f 3982 3983 3984
f 3985 3986 3987
f 3988 3989 3990
f 3991 3992 3993
f 3994 3995 3996
f 3997 3998 3999
f 4000 4001 4002
f 4003 4004 4005
f 4006 4007 4008
f 4009 4010 4011
f 4012 4013 4014
f 4015 4016 4017
f 4018 4019 4020
f 4021 4022 4023
f 4024 4025 4026
f 4027 4028 4029
f 4030 4031 4032
f 4033 4034 4035
f 4036 4037 4038
f 4039 4040 4041
f 4042 4043 4044
f 4045 4046 4047
f 4048 4049 4050
f 4051 4052 4053
f 4054 4055 4056
f 4057 4058 4059
f 4060 4061 4062
f 4063 4064 4065
f 4066 4067 4068
f 4069 4070 4071
f 4072 4073 4074
f 4075 4076 4077
f 4078 4079 4080
f 4081 4082 4083
f 4084 4085 4086
f 4087 4088 4089
f 4090 4091 4092
f 4093 4094 4095
f 4096 4097 4098
f 4099 4100 4101
f 4102 4103 4104
f 4105 4106 4107
f 4108 4109 4110
f 4111 4112 4113
f 4114 4115 4116
f 4117 4118 4119
f 4120 4121 4122
f 4123 4124 4125
f 4126 4127 4128
f 4129 4130 4131
f 4132 4133 4134
f 4135 4136 4137
f 4138 4139 4140
f 4141 4142 4143
f 4144 4145 4146
f 4147 4148 4149
f 4150 4151 4152
f 4153 4154 4155
f 4156 4157 4158
f 4159 4160 4161
f 4162 4163 4164
f 4165 4166 4167
f 4168 4169 4170
f 4171 4172 4173
f 4174 4175 4176
f 4177 4178 4179
f 4180 4181 4182
f 4183 4184 4185
f 4186 4187 4188
f 4189 4190 4191
f 4192 4193 4194
f 4195 4196 4197
f 4198 4199 4200
f 4201 4202 4203
f 4204 4205 4206
f 4207 4208 4209
f 4210 4211 4212
f 4213 4214 4215
f 4216 4217 4218
f 4219 4220 4221
f 4222 4223 4224
f 4225 4226 4227
f 4228 4229 4230
f 4231 4232 4233
f 4234 4235 4236
f 4237 4238 4239
f 4240 4241 4242
f 4243 4244 4245
f 4246 4247 4248
f 4249 4250 4251
f 4252 4253 4254
f 4255 4256 4257
f 4258 4259 4260
f 4261 4262 4263
f 4264 4265 4266
f 4267 4268 4269
f 4270 4271 4272
f 4273 4274 4275
f 4276 4277 4278
f 4279 4280 4281
f 4282 4283 4284
f 4285 4286 4287
f 4288 4289 4290
f 4291 4292 4293
f 4294 4295 4296
f 4297 4298 4299
f 4300 4301 4302
f 4303 4304 4305
f 4306 4307 4308
f 4309 4310 4311
f 4312 4313 4314
f 4315 4316 4317
f 4318 4319 4320
f 4321 4322 4323
f 4324 4325 4326
f 4327 4328 4329
f 4330 4331 4332
f 4333 4334 4335
f 4336 4337 4338
f 4339 4340 4341
f 4342 4343 4344
f 4345 4346 4347
f 4348 4349 4350
f 4351 4352 4353
f 4354 4355 4356
f 4357 4358 4359
f 4360 4361 4362
f 4363 4364 4365
f 4366 4367 4368
f 4369 4370 4371
f 4372 4373 4374
f 4375 4376 4377
f 4378 4379 4380
f 4381 4382 4383
f 4384 4385 4386
f 4387 4388 4389
f 4390 4391 4392
f 4393 4394 4395
f 4396 4397 4398
f 4399 4400 4401
f 4402 4403 4404
f 4405 4406 4407
f 4408 4409 4410
f 4411 4412 4413
f 4414 4415 4416
f 4417 4418 4419
f 4420 4421 4422
f 4423 4424 4425
f 4426 4427 4428
f 4429 4430 4431
f 4432 4433 4434
f 4435 4436 4437
f 4438 4439 4440
f 4441 4442 4443
f 4444 4445 4446
f 4447 4448 4449
f 4450 4451 4452
f 4453 4454 4455
f 4456 4457 4458
f 4459 4460 4461
f 4462 4463 4464
f 4465 4466 4467
f 4468 4469 4470
f 4471 4472 4473
f 4474 4475 4476
f 4477 4478 4479
f 4480 4481 4482
f 4483 4484 4485
f 4486 4487 4488
f 4489 4490 4491
f 4492 4493 4494
f 4495 4496 4497
f 4498 4499 4500
f 4501 4502 4503
f 4504 4505 4506
f 4507 4508 4509
f 4510 4511 4512
f 4513 4514 4515
f 4516 4517 4518
f 4519 4520 4521
f 4522 4523 4524
f 4525 4526 4527
f 4528 4529 4530
f 4531 4532 4533
f 4534 4535 4536
f 4537 4538 4539
f 4540 4541 4542
f 4543 4544 4545
f 4546 4547 4548
f 4549 4550 4551
f 4552 4553 4554
f 4555 4556 4557
f 4558 4559 4560
f 4561 4562 4563
f 4564 4565 4566
f 4567 4568 4569
f 4570 4571 4572
f 4573 4574 4575
f 4576 4577 4578
f 4579 4580 4581
f 4582 4583 4584
f 4585 4586 4587
f 4588 4589 4590
f 4591 4592 4593
f 4594 4595 4596
f 4597 4598 4599
f 4600 4601 4602
f 4603 4604 4605
f 4606 4607 4608
f 4609 4610 4611
f 4612 4613 4614
f 4615 4616 4617
f 4618 4619 4620
f 4621 4622 4623
f 4624 4625 4626
f 4627 4628 4629
f 4630 4631 4632
f 4633 4634 4635
f 4636 4637 4638
f 4639 4640 4641
f 4642 4643 4644
f 4645 4646 4647
f 4648 4649 4650
f 4651 4652 4653
f 4654 4655 4656
f 4657 4658 4659
f 4660 4661 4662
f 4663 4664 4665
f 4666 4667 4668
f 4669 4670 4671
f 4672 4673 4674
f 4675 4676 4677
f 4678 4679 4680
f 4681 4682 4683
f 4684 4685 4686
f 4687 4688 4689
f 4690 4691 4692
f 4693 4694 4695
f 4696 4697 4698
f 4699 4700 4701
f 4702 4703 4704
f 4705 4706 4707
f 4708 4709 4710
f 4711 4712 4713
f 4714 4715 4716
f 4717 4718 4719
f 4720 4721 4722
f 4723 4724 4725
f 4726 4727 4728
f 4729 4730 4731
f 4732 4733 4734
f 4735 4736 4737
f 4738 4739 4740
f 4741 4742 4743
f 4744 4745 4746
f 4747 4748 4749
f 4750 4751 4752
f 4753 4754 4755
f 4756 4757 4758
f 4759 4760 4761
f 4762 4763 4764
f 4765 4766 4767
f 4768 4769 4770
f 4771 4772 4773
f 4774 4775 4776
f 4777 4778 4779
f 4780 4781 4782
f 4783 4784 4785
f 4786 4787 4788
f 4789 4790 4791
f 4792 4793 4794
f 4795 4796 4797
f 4798 4799 4800
f 4801 4802 4803
f 4804 4805 4806
f 4807 4808 4809
f 4810 4811 4812
f 4813 4814 4815
f 4816 4817 4818
f 4819 4820 4821
f 4822 4823 4824
f 4825 4826 4827
f 4828 4829 4830
f 4831 4832 4833
f 4834 4835 4836
f 4837 4838 4839
f 4840 4841 4842
f 4843 4844 4845
f 4846 4847 4848
f 4849 4850 4851
f 4852 4853 4854
f 4855 4856 4857
f 4858 4859 4860
f 4861 4862 4863
f 4864 4865 4866
f 4867 4868 4869
f 4870 4871 4872
f 4873 4874 4875
f 4876 4877 4878
f 4879 4880 4881
f 4882 4883 4884
f 4885 4886 4887
f 4888 4889 4890
f 4891 4892 4893
f 4894 4895 4896
f 4897 4898 4899
f 4900 4901 4902
f 4903 4904 4905
f 4906 4907 4908
f 4909 4910 4911
f 4912 4913 4914
f 4915 4916 4917
f 4918 4919 4920
f 4921 4922 4923
f 4924 4925 4926
f 4927 4928 4929
f 4930 4931 4932
f 4933 4934 4935
f 4936 4937 4938
f 4939 4940 4941
f 4942 4943 4944
